sa2_name_2011,Unemployment_rate,Unemployment,Labour_force
Goulburn,6.4,693,"10,861"
Goulburn Region,3.0,188,"6,272"
Yass,3.1,107,"3,424"
Yass Region,1.4,95,"6,565"
Young,7.5,359,"4,768"
Young Region,3.7,127,"3,427"
Braidwood,3.7,67,"1,810"
Karabar,3.6,185,"5,074"
Queanbeyan,3.3,213,"6,364"
Queanbeyan - East,2.7,87,"3,224"
Queanbeyan Region,0.9,86,"9,147"
Queanbeyan West - Jerrabomberra,1.2,95,"8,091"
Bombala,3.9,46,"1,178"
Cooma,6.6,217,"3,298"
Cooma Region,2.7,47,"1,730"
Jindabyne - Berridale,2.0,87,"4,312"
Batemans Bay,10.5,319,"3,043"
Batemans Bay - South,8.0,261,"3,281"
Bega - Tathra,6.2,247,"3,970"
Bega-Eden Hinterland,5.7,249,"4,355"
Broulee - Tomakin,4.6,57,"1,239"
Eden,8.4,123,"1,457"
Eurobodalla Hinterland,6.3,101,"1,595"
Merimbula - Tura Beach,5.1,229,"4,454"
Moruya - Tuross Head,7.9,254,"3,227"
Narooma - Bermagui,7.6,249,"3,264"
Avoca Beach - Copacabana,2.2,103,"4,666"
Box Head - MacMasters Beach,2.7,163,"6,117"
Calga - Kulnura,3.0,91,"3,037"
Erina - Green Point,2.7,202,"7,622"
Gosford - Springfield,6.0,706,"11,779"
Kariong,3.0,126,"4,231"
Kincumber - Picketts Valley,3.5,138,"3,905"
Narara,4.2,183,"4,390"
Niagara Park - Lisarow,2.9,152,"5,280"
Point Clare - Koolewong,3.6,128,"3,535"
Saratoga - Davistown,2.7,107,"3,975"
Terrigal - North Avoca,2.2,188,"8,723"
Umina - Booker Bay - Patonga,7.3,888,"12,161"
Wamberal - Forresters Beach,1.8,114,"6,238"
Woy Woy - Blackwall,6.9,490,"7,099"
Wyoming,6.1,374,"6,145"
Bateau Bay - Killarney Vale,5.4,652,"12,152"
Blue Haven - San Remo,9.5,569,"6,005"
Budgewoi - Buff Point - Halekulani,8.2,367,"4,496"
Chittaway Bay - Tumbi Umbi,3.8,359,"9,419"
Gorokan - Kanwal - Charmhaven,9.3,"1,000","10,717"
Jilliby - Yarramalong,5.8,120,"2,054"
Lake Munmorah - Mannering Park,5.7,292,"5,120"
Ourimbah - Fountaindale,3.5,115,"3,326"
Summerland Point - Gwandalan,6.2,175,"2,835"
The Entrance,9.3,711,"7,620"
Toukley - Norah Head,8.9,392,"4,384"
Tuggerah - Kangy Angy,4.3,138,"3,231"
Warnervale - Wadalba,4.7,374,"8,020"
Wyong,11.6,546,"4,688"
Bathurst,4.5,624,"13,826"
Bathurst - East,4.5,257,"5,715"
Bathurst Region,2.4,92,"3,843"
Oberon,4.2,105,"2,503"
Condobolin,5.6,206,"3,707"
Cowra,7.2,312,"4,316"
Cowra Region,5.5,155,"2,825"
Forbes,4.3,230,"5,288"
Grenfell,4.1,70,"1,715"
Parkes (NSW),6.7,395,"5,904"
Parkes Region,7.8,135,"1,731"
West Wyalong,3.2,100,"3,105"
Lithgow,7.8,472,"6,077"
Lithgow Region,5.1,225,"4,388"
Mudgee,5.5,335,"6,081"
Mudgee Region - East,7.0,106,"1,504"
Mudgee Region - West,4.8,257,"5,344"
Blayney,4.0,154,"3,870"
Orange,6.0,655,"10,883"
Orange - North,3.6,382,"10,542"
Orange Region,2.1,144,"6,787"
Grafton,9.1,783,"8,590"
Grafton Region,6.9,499,"7,260"
Maclean - Yamba - Iluka,5.5,373,"6,803"
Bellingen,6.3,180,"2,858"
Coffs Harbour - North,6.9,596,"8,647"
Coffs Harbour - South,7.2,379,"5,284"
Coramba - Nana Glen - Bucca,4.1,91,"2,210"
Dorrigo,6.3,103,"1,624"
Korora - Emerald Beach,3.2,153,"4,710"
Sawtell - Boambee,5.8,587,"10,196"
Urunga,5.1,106,"2,087"
Woolgoolga - Arrawarra,5.8,334,"5,783"
Bourke - Brewarrina,7.7,175,"2,276"
Cobar,2.0,58,"2,837"
Coonamble,6.3,147,"2,345"
Nyngan - Warren,3.9,116,"2,953"
Walgett - Lightning Ridge,8.6,291,"3,375"
Broken Hill,6.2,560,"8,982"
Far West,6.5,98,"1,511"
Coonabarabran,4.4,170,"3,888"
Dubbo - East,3.5,235,"6,634"
Dubbo - South,3.0,285,"9,396"
Dubbo - West,4.8,213,"4,402"
Dubbo Region,1.6,52,"3,245"
Gilgandra,4.2,97,"2,307"
Narromine,4.1,147,"3,557"
Wellington,6.4,254,"3,973"
Branxton - Greta - Pokolbin,3.1,167,"5,458"
Cessnock,8.2,827,"10,039"
Cessnock Region,4.4,167,"3,835"
Dungog,3.3,152,"4,591"
Kurri Kurri - Abermain,7.5,610,"8,140"
Singleton,4.0,384,"9,490"
Singleton Region,2.0,57,"2,893"
Maitland,6.9,210,"3,039"
Maitland - East,4.2,610,"14,551"
Maitland - North,1.3,54,"4,188"
Maitland - West,5.3,586,"11,092"
Thornton - Millers Forest,2.6,141,"5,414"
Anna Bay,3.9,116,"2,950"
Lemon Tree Passage - Tanilba Bay,5.7,161,"2,836"
Nelson Bay Peninsula,4.0,378,"9,512"
Raymond Terrace,7.8,527,"6,756"
Seaham - Woodville,1.7,59,"3,395"
Tea Gardens - Hawks Nest,5.1,82,"1,612"
Williamtown - Medowie - Karuah,3.4,240,"7,027"
Muswellbrook,7.2,495,"6,845"
Muswellbrook Region,2.1,51,"2,410"
Scone,3.0,95,"3,186"
Scone Region,3.0,132,"4,427"
Berkeley - Warrawong - Windang,12.7,"1,546","12,157"
Dapto - Avondale,8.1,956,"11,779"
Horsley - Kembla Grange,3.4,162,"4,704"
Unanderra - Mount Kembla,4.9,416,"8,536"
Albion Park - Macquarie Pass,4.5,357,"8,014"
Albion Park Rail,7.5,284,"3,766"
Kiama,3.8,150,"3,907"
Kiama Downs - Minnamurra,2.7,91,"3,348"
Kiama Hinterland - Gerringong,2.2,87,"4,009"
Shellharbour - Flinders,3.7,328,"8,830"
Shellharbour - Oak Flats,5.9,343,"5,774"
Warilla,11.6,"1,099","9,455"
Balgownie - Fairy Meadow,5.4,588,"10,849"
Corrimal - Tarrawanna - Bellambi,8.0,647,"8,117"
Figtree - Keiraville,4.3,493,"11,357"
Helensburgh,1.8,95,"5,407"
Thirroul - Austinmer - Coalcliff,2.4,163,"6,655"
Wollongong,7.8,"1,353","17,278"
Woonona - Bulli - Russell Vale,3.6,374,"10,522"
Bulahdelah - Stroud,3.7,89,"2,431"
Forster,6.4,379,"5,926"
Forster-Tuncurry Region,5.8,149,"2,588"
Tuncurry,7.5,166,"2,217"
Kempsey,9.3,555,"5,949"
Kempsey Region,5.7,255,"4,466"
Macksville - Scotts Head,6.5,134,"2,058"
Nambucca Heads,10.0,249,"2,499"
Nambucca Heads Region,6.2,222,"3,589"
South West Rocks,4.8,99,"2,073"
Lord Howe Island,0.8,2,256
Laurieton - Bonny Hills,4.6,314,"6,809"
Port Macquarie - East,3.8,555,"14,443"
Port Macquarie - West,5.6,392,"7,029"
Port Macquarie Region,3.7,113,"3,055"
Wauchope,4.6,248,"5,346"
Gloucester,4.5,111,"2,450"
Old Bar - Manning Point - Red Head,4.4,211,"4,814"
Taree,8.5,764,"9,028"
Taree Region,6.3,356,"5,684"
Wingham,7.4,181,"2,454"
Albury - East,3.3,209,"6,414"
Albury - North,8.2,342,"4,184"
Albury - South,6.0,291,"4,868"
Albury Region,3.0,143,"4,776"
Lavington,9.7,574,"5,944"
Hay,4.9,59,"1,193"
Wentworth - Buronga,8.5,200,"2,340"
Wentworth-Balranald Region,2.7,45,"1,672"
Corowa,5.4,120,"2,222"
Corowa Region,4.2,108,"2,566"
Deniliquin,6.5,188,"2,876"
Deniliquin Region,3.2,93,"2,897"
Moama,3.1,67,"2,180"
Tocumwal - Finley - Jerilderie,3.8,143,"3,749"
Armidale,7.0,784,"11,233"
Armidale Region - North,5.1,117,"2,285"
Armidale Region - South,4.4,140,"3,177"
Walcha,4.1,67,"1,650"
Glen Innes,10.1,392,"3,885"
Inverell,9.5,509,"5,354"
Inverell Region - East,9.1,203,"2,236"
Inverell Region - West,6.0,148,"2,468"
Tenterfield,8.9,270,"3,024"
Moree,9.8,426,"4,365"
Moree Region,5.6,165,"2,943"
Narrabri,6.9,246,"3,590"
Narrabri Region,6.2,163,"2,634"
Gunnedah,7.5,333,"4,412"
Gunnedah Region,5.1,116,"2,295"
Quirindi,7.1,248,"3,486"
Tamworth - East,6.6,705,"10,645"
Tamworth - North,6.7,480,"7,200"
Tamworth - West,15.7,388,"2,465"
Tamworth Region,4.5,405,"9,001"
Belmont - Bennetts Green,4.7,451,"9,674"
Belmont South - Blacksmiths,7.4,213,"2,860"
Charlestown - Dudley,5.1,694,"13,707"
Glendale - Cardiff - Hillsborough,4.3,611,"14,245"
Mount Hutton - Windale,10.8,459,"4,250"
Redhead,3.3,62,"1,907"
Swansea - Caves Beach,5.0,282,"5,632"
Valentine - Eleebana,1.8,131,"7,381"
Warners Bay - Boolaroo,4.2,308,"7,270"
Bolton Point - Teralba,9.0,391,"4,350"
Bonnells Bay - Silverwater,5.6,245,"4,398"
Edgeworth - Cameron Park,5.0,358,"7,214"
Morisset - Cooranbong,6.6,465,"7,088"
Toronto - Awaba,7.2,496,"6,847"
Wangi Wangi - Rathmines,5.1,240,"4,744"
West Wallsend - Barnsley - Killingworth,5.8,216,"3,750"
Adamstown - Kotara,3.6,332,"9,257"
Beresfield - Hexham,11.6,491,"4,217"
Hamilton - Broadmeadow,6.7,481,"7,220"
Lambton - New Lambton,3.9,385,"9,817"
Maryland - Fletcher - Minmi,5.1,379,"7,454"
Mayfield - Warabrook,9.1,778,"8,553"
Merewether - The Junction,2.2,197,"9,072"
Newcastle - Cooks Hill,4.9,381,"7,854"
Shortland - Jesmond,12.6,654,"5,181"
Stockton - Fullerton Cove,5.8,183,"3,156"
Wallsend - Elermore Vale,7.6,817,"10,766"
Waratah - North Lambton,7.5,516,"6,915"
Wickham - Carrington - Tighes Hill,6.9,363,"5,280"
Ballina,5.7,426,"7,411"
Ballina Region,3.5,279,"7,959"
Bangalow,3.6,107,"2,984"
Brunswick Heads - Ocean Shores,5.9,241,"4,114"
Byron Bay,4.7,258,"5,489"
Evans Head,5.9,129,"2,199"
Lennox Head - Skennars Head,2.2,94,"4,243"
Mullumbimby,8.5,306,"3,615"
Casino,9.2,465,"5,036"
Casino Region,7.1,228,"3,198"
Goonellabah,5.3,336,"6,299"
Kyogle,7.4,249,"3,385"
Lismore,8.9,687,"7,729"
Lismore Region,5.1,417,"8,168"
Kingscliff - Fingal Head,3.6,208,"5,791"
Murwillumbah,8.4,288,"3,446"
Murwillumbah Region,5.5,267,"4,833"
Pottsville,4.1,261,"6,414"
Tweed Heads,5.9,494,"8,414"
Tweed Heads - South,4.5,523,"11,747"
Griffith (NSW),4.8,498,"10,468"
Griffith Region,3.1,231,"7,446"
Leeton,5.1,268,"5,227"
Narrandera,6.4,194,"3,016"
Tumbarumba,3.7,66,"1,776"
Tumut,5.3,175,"3,297"
Tumut Region,3.8,93,"2,477"
Cootamundra,5.2,180,"3,482"
Gundagai,3.4,66,"1,925"
Junee,4.7,120,"2,573"
Temora,5.7,175,"3,061"
Wagga Wagga - East,3.5,335,"9,576"
Wagga Wagga - North,2.4,50,"2,050"
Wagga Wagga - South,4.9,604,"12,439"
Wagga Wagga - West,7.5,508,"6,765"
Wagga Wagga Region,2.9,234,"7,999"
Berry - Kangaroo Valley,3.1,106,"3,443"
Callala Bay - Currarong,8.1,107,"1,328"
Culburra Beach,7.7,139,"1,796"
Huskisson - Vincentia,5.1,83,"1,623"
North Nowra - Bomaderry,7.0,475,"6,815"
Nowra,13.1,987,"7,524"
St Georges Basin - Erowal Bay,12.9,574,"4,437"
Sussex Inlet - Berrara,10.2,126,"1,237"
Tomerong - Wandandian - Woollamia,4.4,77,"1,747"
Ulladulla,8.3,454,"5,489"
Ulladulla Region,6.7,125,"1,865"
Bowral,2.1,109,"5,294"
Hill Top - Colo Vale,3.9,113,"2,892"
Mittagong,3.8,141,"3,714"
Moss Vale - Berrima,4.0,161,"4,017"
Robertson - Fitzroy Falls,3.1,52,"1,671"
Southern Highlands,2.0,54,"2,737"
Baulkham Hills (East),5.7,734,"12,955"
Baulkham Hills (West) - Bella Vista,4.0,486,"12,302"
Castle Hill,4.6,789,"17,328"
Cherrybrook,2.6,368,"14,220"
Glenhaven,2.5,93,"3,718"
Kellyville,4.2,694,"16,517"
West Pennant Hills,2.3,183,"7,982"
Dural - Kenthurst - Wisemans Ferry,4.1,506,"12,319"
Galston - Laughtondale,4.9,146,"3,009"
Bilpin - Colo - St Albans,12.4,186,"1,496"
Kurrajong Heights - Ebenezer,7.6,"1,009","13,283"
Pitt Town - McGraths Hill,7.6,429,"5,632"
Rouse Hill - Beaumont Hills,4.6,557,"12,148"
Blacktown (East) - Kings Park,5.9,533,"9,104"
Blacktown (North) - Marayong,7.3,672,"9,252"
Blacktown (South),6.5,970,"14,846"
Doonside - Woodcroft,7.1,839,"11,780"
Lalor Park - Kings Langley,5.0,702,"14,055"
Seven Hills - Toongabbie,4.2,569,"13,424"
Glenwood,2.0,197,"9,917"
Parklea - Kellyville Ridge,1.4,270,"18,662"
Quakers Hill - Acacia Gardens,2.8,462,"16,524"
Riverstone - Marsden Park,5.7,398,"7,021"
Bidwill - Hebersham - Emerton,18.9,"1,460","7,720"
Glendenning Dean Park,4.4,216,"4,909"
Hassall Grove - Plumpton,4.9,584,"11,843"
Lethbridge Park - Tregear,18.8,"1,434","7,636"
Mount Druitt - Whalan,14.1,"1,394","9,856"
Rooty Hill - Minchinbury,5.0,576,"11,467"
Botany,4.3,247,"5,807"
Mascot - Eastlakes,5.4,702,"12,960"
Pagewood - Hillsdale - Daceyville,7.5,454,"6,047"
Marrickville,7.6,"1,165","15,268"
Petersham - Stanmore,5.2,719,"13,763"
Sydenham - Tempe - St Peters,5.3,281,"5,351"
Darlinghurst,4.2,381,"9,098"
Erskineville - Alexandria,2.5,319,"12,921"
Glebe - Forest Lodge,5.9,739,"12,489"
Newtown - Camperdown - Darlington,3.7,638,"17,398"
Potts Point - Woolloomooloo,3.3,509,"15,204"
Pyrmont - Ultimo,2.3,354,"15,525"
Redfern - Chippendale,6.4,912,"14,143"
Surry Hills,5.2,679,"13,175"
Sydney - Haymarket - The Rocks,1.5,290,"18,737"
Waterloo - Beaconsfield,5.3,957,"18,163"
Bondi - Tamarama - Bronte,2.1,281,"13,222"
Bondi Beach - North Bondi,2.1,317,"14,900"
Bondi Junction - Waverly,2.8,301,"10,817"
Double Bay - Bellevue Hill,1.6,256,"16,292"
Dover Heights,2.2,142,"6,547"
Paddington - Moore Park,2.1,236,"11,098"
Rose Bay - Vaucluse - Watsons Bay,1.3,87,"6,671"
Woollahra,1.4,67,"4,752"
Coogee - Clovelly,2.9,486,"16,489"
Kensington - Kingsford,3.1,487,"15,851"
Malabar - La Perouse - Chifley,7.5,877,"11,647"
Maroubra,5.0,881,"17,526"
Randwick,2.1,399,"19,282"
Bankstown,11.4,"1,711","14,948"
Bass Hill - Georges Hall,9.7,945,"9,733"
Condell Park,7.7,388,"5,034"
Greenacre - Mount Lewis,9.5,"1,030","10,811"
Padstow,4.3,373,"8,775"
Panania - Milperra - Picnic Point,3.6,519,"14,289"
Revesby,5.5,479,"8,774"
Yagoona - Birrong,9.3,863,"9,300"
Belmore - Belfield,6.8,664,"9,813"
Canterbury (South) - Campsie,6.0,907,"15,065"
Kingsgrove (North) - Earlwood,3.1,389,"12,748"
Lakemba - Wiley Park,10.4,"1,256","12,119"
Punchbowl,10.8,957,"8,838"
Roselands,5.1,357,"6,942"
Hurstville,4.1,467,"11,483"
Mortdale - Penshurst,2.9,406,"14,014"
Narwee - Beverly Hills,5.1,359,"7,057"
Oatley - Hurstville Grove,2.0,150,"7,323"
Peakhurst - Lugarno,3.2,296,"9,350"
Riverwood,9.6,469,"4,883"
South Hurstville - Blakehurst,3.0,395,"13,247"
Arncliffe - Bardwell Valley,4.6,464,"10,174"
Bexley,4.1,591,"14,568"
Kingsgrove (South) - Bardwell Park,3.7,247,"6,595"
Kogarah,2.8,183,"6,476"
Kogarah Bay - Carlton - Allawah,2.9,270,"9,264"
Monterey - Brighton-le-Sands - Kyeemagh,3.7,287,"7,791"
Rockdale - Banksia,3.3,390,"11,693"
Sans Souci - Ramsgate,3.0,262,"8,762"
Concord - Mortlake - Cabarita,2.4,328,"13,714"
Concord West - North Strathfield,3.0,443,"14,878"
Drummoyne - Rodd Point,2.3,282,"12,223"
Five Dock - Abbotsford,3.2,430,"13,330"
Balmain,2.3,269,"11,474"
Leichhardt - Annandale,4.5,864,"19,044"
Lilyfield - Rozelle,4.8,488,"10,245"
Ashfield,6.0,921,"15,231"
Burwood - Croydon,5.8,808,"13,983"
Canterbury (North) - Ashbury,5.8,367,"6,355"
Croydon Park - Enfield,5.4,553,"10,205"
Dulwich Hill - Lewisham,7.7,868,"11,256"
Haberfield - Summer Hill,4.2,366,"8,815"
Homebush,5.3,512,"9,580"
Strathfield,3.7,638,"17,366"
Chatswood (East) - Artarmon,5.4,806,"14,967"
Chatswood (West) - Lane Cove North,5.6,672,"12,007"
Lane Cove - Greenwich,3.0,456,"15,230"
St Leonards - Naremburn,2.8,216,"7,655"
Willoughby - Castle Cove - Northbridge,3.8,527,"13,888"
Asquith - Mount Colah,7.4,802,"10,788"
Berowra - Brooklyn - Cowan,5.0,348,"6,893"
Hornsby - Waitara,8.8,"1,575","17,864"
Normanhurst - Thornleigh - Westleigh,6.2,630,"10,134"
Gordon - Killara,3.2,348,"10,754"
Lindfield - Roseville,2.9,340,"11,808"
Pymble,3.1,270,"8,845"
St Ives,2.9,317,"10,797"
Turramurra,3.3,306,"9,379"
Wahroonga - Warrawee,3.0,294,"9,837"
Cremorne - Cammeray,2.2,291,"12,956"
Crows Nest - Waverton,3.4,455,"13,355"
Mosman,2.7,456,"16,647"
Neutral Bay - Kirribilli,3.7,483,"13,137"
North Sydney - Lavender Bay,2.9,242,"8,294"
Balgowlah - Clontarf - Seaforth,2.1,237,"11,474"
Manly - Fairlight,1.9,301,"16,098"
Avalon - Palm Beach,2.6,195,"7,543"
Bayview - Elanora Heights,2.5,155,"6,321"
Newport - Bilgola,2.3,200,"8,601"
Warriewood - Mona Vale,1.9,279,"14,573"
Beacon Hill - Narraweena,4.6,362,"7,856"
Cromer,2.4,105,"4,390"
Dee Why - North Curl Curl,4.8,815,"16,948"
Forestville - Killarney Heights,2.2,150,"6,824"
Frenchs Forest - Belrose,1.8,261,"14,208"
Freshwater - Brookvale,2.5,356,"14,275"
Manly Vale - Allambie Heights,2.6,268,"10,217"
Narrabeen - Collaroy,2.7,398,"14,890"
Terrey Hills - Duffys Forest,2.1,47,"2,254"
Camden - Ellis Lane,2.0,143,"6,984"
Elderslie - Harrington Park,3.0,319,"10,540"
Mount Annan - Currans Hill,3.0,484,"16,013"
Bradbury - Wedderburn,10.6,975,"9,218"
Campbelltown - Woodbine,8.4,733,"8,705"
Claymore - Eagle Vale - Raby,8.5,936,"11,029"
Ingleburn - Denham Court,5.5,533,"9,682"
Leumeah - Minto Heights,6.7,585,"8,758"
Macquarie Fields - Glenfield,8.7,974,"11,146"
Minto - St Andrews,6.9,674,"9,768"
Rosemeadow - Glen Alpine,8.1,888,"10,959"
Bargo,4.1,119,"2,900"
Douglas Park - Appin,2.2,99,"4,404"
Picton - Tahmoor - Buxton,4.4,379,"8,541"
The Oaks - Oakdale,2.6,133,"5,130"
Blackheath - Megalong Valley,4.6,122,"2,656"
Blaxland - Warrimoo - Lapstone,1.8,192,"10,445"
Katoomba - Leura,6.1,395,"6,429"
Lawson - Hazelbrook - Linden,3.2,186,"5,857"
Springwood - Winmalee,1.8,211,"11,742"
Wentworth Falls,3.1,88,"2,816"
Cambridge Park,3.5,320,"9,260"
Castlereagh - Cranebrook,3.8,420,"10,915"
Emu Plains - Leonay,2.1,157,"7,592"
Glenmore Park - Regentville,1.5,192,"13,206"
Jamisontown - South Penrith,3.3,314,"9,549"
Kingswood - Werrington,5.7,579,"10,119"
Mulgoa - Luddenham - Orchard Hills,1.7,72,"4,135"
Penrith,7.8,502,"6,424"
Warragamba - Silverdale,1.8,53,"2,923"
Richmond - Clarendon,3.7,267,"7,312"
Windsor - Bligh Park,4.7,410,"8,634"
Yarramundi - Londonderry,3.5,117,"3,370"
Erskine Park,2.6,105,"4,068"
St Clair,2.5,289,"11,621"
St Marys - Colyton,7.9,"1,076","13,661"
Auburn,9.5,"1,506","15,887"
Homebush Bay - Silverwater,2.1,211,"10,119"
Lidcombe - Regents Park,5.4,956,"17,561"
Carlingford,2.2,337,"15,292"
Ermington - Rydalmere,4.6,538,"11,619"
Oatlands - Dundas Valley,4.6,443,"9,734"
Chester Hill - Sefton,9.5,751,"7,924"
Fairfield - East,14.3,889,"6,197"
Granville - Clyde,9.2,935,"10,213"
Greystanes - Pemulwuy,4.0,584,"14,771"
Guildford - South Granville,14.3,"1,157","8,106"
Guildford West - Merrylands West,9.3,966,"10,377"
Merrylands - Holroyd,8.7,"1,267","14,496"
Girraween - Westmead,4.7,733,"15,459"
North Parramatta,4.9,655,"13,393"
North Rocks,1.4,69,"4,788"
Northmead,2.6,327,"12,403"
Parramatta - Rosehill,4.4,790,"18,094"
Toongabbie - Constitution Hill,4.4,547,"12,466"
Winston Hills,1.6,101,"6,342"
Epping - North Epping,4.9,721,"14,739"
Pennant Hills - Cheltenham,3.9,447,"11,497"
Eastwood - Denistone,6.9,917,"13,362"
Gladesville - Huntleys Point,5.2,439,"8,494"
Hunters Hill - Woolwich,4.0,206,"5,123"
Macquarie Park - Marsfield,5.7,659,"11,557"
North Ryde - East Ryde,6.0,423,"7,105"
Ryde - Putney,7.2,"1,232","17,226"
West Ryde - Meadowbank,6.9,804,"11,582"
Ashcroft - Busby - Miller,15.0,926,"6,153"
Badgerys Creek - Greendale,3.1,178,"5,668"
Cobbitty - Leppington,2.8,174,"6,155"
Green Valley - Cecil Hills,4.4,727,"16,675"
Hoxton Park - Horningsea Park,2.9,378,"13,064"
Bonnyrigg Heights - Bonnyrigg,7.3,572,"7,808"
Bossley Park - Abbotsbury,5.0,515,"10,323"
Cabramatta - Lansvale,9.4,975,"10,382"
Cabramatta West - Mount Pritchard,8.4,605,"7,212"
Canley Vale - Canley Heights,9.4,829,"8,827"
Edensor Park,5.7,303,"5,307"
Fairfield,19.1,"1,304","6,830"
Fairfield - West,12.5,952,"7,619"
Greenfield Park - Prairiewood,6.7,258,"3,875"
Horsley Park - Kemps Creek,2.2,58,"2,619"
Smithfield - Wetherill Park,8.4,707,"8,417"
St Johns Park - Wakeley,6.3,338,"5,375"
Casula,4.2,343,"8,241"
Chipping Norton - Moorebank,2.6,248,"9,547"
Holsworthy - Wattle Grove,1.7,208,"12,541"
Liverpool - Warwick Farm,11.9,"1,610","13,547"
Prestons - Lurnea,5.8,791,"13,671"
Caringbah - Lilli Pilli,3.2,497,"15,703"
Cronulla - Kurnell - Bundeena,2.8,574,"20,270"
Gymea - Grays Point,2.4,254,"10,576"
Miranda - Yowie Bay,4.8,498,"10,428"
Sylvania - Taren Point,3.3,283,"8,531"
Engadine - Loftus,2.7,457,"16,729"
Heathcote - Waterfall,3.8,142,"3,729"
Illawong - Alfords Point,1.9,137,"7,137"
Menai - Lucas Heights - Woronora,2.6,355,"13,676"
Oyster Bay - Como - Jannali,3.0,365,"12,274"
Sutherland - Kirrawee,5.5,680,"12,464"
Alfredton,2.5,139,"5,524"
Ballarat,3.7,246,"6,693"
Ballarat - North,3.9,514,"13,176"
Ballarat - South,6.2,802,"12,917"
Buninyong,2.3,94,"4,140"
Delacombe,4.1,153,"3,704"
Smythes Creek,1.8,41,"2,248"
Wendouree - Miners Rest,6.6,467,"7,093"
Bacchus Marsh Region,2.8,95,"3,336"
Creswick - Clunes,4.9,180,"3,703"
Daylesford,3.1,143,"4,609"
Gordon (Vic.),3.0,92,"3,111"
Avoca,5.9,86,"1,452"
Beaufort,4.4,87,"1,957"
Golden Plains - North,4.2,93,"2,205"
Maryborough (Vic.),9.0,276,"3,070"
Maryborough Region,8.1,181,"2,224"
Bendigo,7.0,510,"7,322"
California Gully - Eaglehawk,7.1,366,"5,132"
East Bendigo - Kennington,4.0,280,"6,938"
Flora Hill - Spring Gully,4.5,223,"4,960"
Kangaroo Flat - Golden Square,4.9,472,"9,590"
Maiden Gully,1.5,42,"2,832"
Strathfieldsaye,1.4,63,"4,522"
White Hills - Ascot,4.0,223,"5,547"
Bendigo Region - South,2.1,80,"3,769"
Castlemaine,4.5,202,"4,500"
Castlemaine Region,3.7,157,"4,242"
Heathcote,6.0,105,"1,759"
Kyneton,2.6,122,"4,763"
Woodend,2.2,79,"3,579"
Bendigo Region - North,3.1,69,"2,200"
Loddon,5.3,160,"3,027"
Bannockburn,2.8,93,"3,310"
Golden Plains - South,4.1,152,"3,718"
Winchelsea,3.8,119,"3,164"
Belmont,5.9,455,"7,777"
Corio - Norlane,17.1,"2,074","12,132"
Geelong,6.7,528,"7,850"
Geelong West - Hamlyn Heights,5.1,582,"11,373"
Grovedale,4.6,555,"12,152"
Highton,2.5,311,"12,609"
Lara,4.3,410,"9,623"
Leopold,4.9,323,"6,536"
Newcomb - Moolap,9.8,767,"7,841"
Newtown (Vic.),3.1,185,"5,960"
North Geelong - Bell Park,7.3,550,"7,515"
Clifton Springs,5.1,339,"6,667"
Lorne - Anglesea,3.1,81,"2,582"
Ocean Grove - Barwon Heads,3.3,371,"11,409"
Portarlington,8.8,253,"2,888"
Queenscliff,2.9,55,"1,896"
Torquay,2.5,262,"10,303"
Alexandra,3.9,129,"3,274"
Euroa,4.9,149,"3,057"
Kilmore - Broadford,5.3,364,"6,900"
Mansfield (Vic.),3.2,145,"4,574"
Nagambie,4.4,87,"1,980"
Seymour,9.5,312,"3,276"
Seymour Region,2.1,53,"2,526"
Upper Yarra Valley,13.8,15,109
Yea,5.2,94,"1,823"
Benalla,6.2,311,"5,015"
Benalla Region,3.7,72,"1,926"
Rutherglen,4.2,85,"2,025"
Wangaratta,6.4,607,"9,420"
Wangaratta Region,2.7,145,"5,292"
Beechworth,4.1,94,"2,268"
Bright - Mount Beauty,3.1,129,"4,151"
Chiltern - Indigo Valley,4.5,78,"1,720"
Myrtleford,4.9,115,"2,361"
Towong,5.1,154,"3,019"
West Wodonga,4.7,393,"8,341"
Wodonga,6.6,847,"12,914"
Yackandandah,2.1,55,"2,587"
Drouin,5.9,471,"7,917"
Mount Baw Baw Region,4.0,132,"3,276"
Trafalgar (Vic.),4.5,187,"4,125"
Warragul,4.6,448,"9,640"
Bairnsdale,8.9,602,"6,741"
Bruthen - Omeo,5.5,219,"3,968"
Lakes Entrance,10.0,442,"4,411"
Orbost,10.9,319,"2,935"
Paynesville,7.8,196,"2,509"
Foster,5.3,217,"4,105"
Korumburra,5.4,252,"4,666"
Leongatha,3.9,220,"5,708"
Phillip Island,6.8,336,"4,957"
Wonthaggi - Inverloch,8.2,847,"10,289"
Churchill,7.5,464,"6,195"
Moe - Newborough,14.2,"1,052","7,424"
Morwell,18.3,"1,141","6,236"
Traralgon,6.8,998,"14,683"
Yallourn North - Glengarry,5.8,145,"2,480"
Longford - Loch Sport,7.5,141,"1,877"
Maffra,5.8,396,"6,856"
Rosedale,5.7,127,"2,231"
Sale,7.1,534,"7,478"
Yarram,7.3,183,"2,514"
Brunswick,6.0,996,"16,680"
Brunswick East,5.4,376,"6,930"
Brunswick West,6.6,576,"8,676"
Coburg,7.6,"1,125","14,789"
Pascoe Vale South,4.8,255,"5,329"
Alphington - Fairfield,4.1,219,"5,292"
Northcote,4.7,719,"15,146"
Thornbury,6.1,674,"11,018"
Ascot Vale,7.6,657,"8,689"
Essendon - Aberfeldie,3.5,562,"15,910"
Flemington,12.5,673,"5,396"
Moonee Ponds,3.8,329,"8,574"
Carlton,7.2,651,"9,070"
Docklands,2.1,132,"6,353"
East Melbourne,1.3,49,"3,875"
Kensington,4.8,346,"7,160"
Melbourne,3.0,607,"20,557"
North Melbourne,6.5,797,"12,271"
Parkville,4.0,164,"4,116"
South Yarra - West,1.3,61,"4,521"
Southbank,1.9,241,"12,806"
Albert Park,2.0,200,"10,056"
Elwood,3.0,353,"11,599"
Port Melbourne,3.3,352,"10,675"
South Melbourne,6.0,452,"7,591"
St Kilda,4.7,931,"19,863"
St Kilda East,4.2,505,"11,895"
Armadale,1.8,105,"5,781"
Prahran - Windsor,3.7,522,"14,155"
South Yarra - East,3.2,438,"13,714"
Toorak,2.3,182,"7,963"
Abbotsford,4.2,207,"4,982"
Carlton North - Princes Hill,4.0,242,"6,055"
Collingwood,10.2,541,"5,300"
Fitzroy,7.7,553,"7,168"
Fitzroy North,5.2,419,"8,092"
Richmond (Vic.),4.5,945,"20,903"
Yarra - North,3.7,221,"5,903"
Ashburton (Vic.),7.1,324,"4,579"
Balwyn,4.3,391,"9,026"
Balwyn North,4.3,501,"11,521"
Camberwell,3.9,484,"12,466"
Glen Iris - East,2.6,264,"10,130"
Hawthorn,4.2,674,"16,027"
Hawthorn East,3.7,381,"10,437"
Kew,3.8,586,"15,298"
Kew East,4.7,181,"3,818"
Surrey Hills (West) - Canterbury,3.5,338,"9,602"
Bulleen,7.6,461,"6,054"
Doncaster,9.1,955,"10,548"
Doncaster East,7.3,"1,169","16,014"
Templestowe,4.8,483,"9,959"
Templestowe Lower,6.7,508,"7,550"
Blackburn,6.0,725,"12,057"
Blackburn South,8.6,521,"6,031"
Box Hill,9.6,"1,080","11,229"
Box Hill North,7.8,780,"10,034"
Burwood,10.6,634,"5,973"
Burwood East,7.3,408,"5,591"
Surrey Hills (East) - Mont Albert,3.5,218,"6,304"
Beaumaris,1.7,118,"7,121"
Brighton (Vic.),2.6,306,"11,890"
Brighton East,2.8,244,"8,621"
Cheltenham - Highett (West),5.6,340,"6,038"
Hampton,4.3,402,"9,429"
Sandringham - Black Rock,2.2,187,"8,673"
Bentleigh - McKinnon,3.8,452,"12,039"
Bentleigh East,4.2,636,"15,060"
Carnegie,3.9,406,"10,523"
Caulfield - North,3.2,378,"11,964"
Caulfield - South,3.6,347,"9,758"
Elsternwick,3.4,228,"6,697"
Hughesdale,4.5,189,"4,224"
Murrumbeena,3.9,212,"5,470"
Ormond - Glen Huntly,4.3,338,"7,924"
Aspendale Gardens - Waterways,3.8,197,"5,235"
Carrum - Patterson Lakes,7.2,467,"6,503"
Chelsea - Bonbeach,7.4,556,"7,513"
Chelsea Heights,7.9,229,"2,913"
Cheltenham - Highett (East),6.3,733,"11,669"
Edithvale - Aspendale,4.3,308,"7,160"
Mentone,4.9,352,"7,129"
Moorabbin - Heatherton,6.5,306,"4,698"
Mordialloc - Parkdale,4.5,500,"11,153"
Malvern - Glen Iris,2.3,280,"12,138"
Malvern East,2.7,320,"11,866"
Bundoora - East,4.4,232,"5,235"
Greensborough,3.3,421,"12,839"
Heidelberg - Rosanna,3.2,265,"8,329"
Heidelberg West,10.7,814,"7,610"
Ivanhoe,2.3,166,"7,224"
Ivanhoe East - Eaglemont,1.3,65,"4,968"
Montmorency - Briar Hill,3.5,348,"9,836"
Viewbank - Yallambie,3.0,327,"10,724"
Watsonia,4.9,261,"5,325"
Kingsbury,3.8,237,"6,228"
Preston,7.0,"1,313","18,743"
Reservoir - East,8.7,"1,205","13,804"
Reservoir - West,6.8,838,"12,386"
Eltham,2.2,329,"14,693"
Hurstbridge,3.2,73,"2,308"
Kinglake,4.3,100,"2,307"
Panton Hill - St Andrews,3.7,117,"3,203"
Plenty - Yarrambat,1.9,113,"6,029"
Research - North Warrandyte,1.4,58,"4,233"
Wattle Glen - Diamond Creek,2.7,243,"8,876"
Bundoora - North,4.3,162,"3,765"
Bundoora - West,5.8,208,"3,600"
Epping,7.8,"1,667","21,353"
Lalor,11.7,"1,180","10,114"
Mill Park - North,5.3,597,"11,288"
Mill Park - South,6.6,476,"7,190"
South Morang,5.0,"1,761","35,061"
Thomastown,11.4,"1,104","9,654"
Wallan,6.6,580,"8,757"
Whittlesea,4.9,227,"4,650"
Airport West,4.8,207,"4,272"
Keilor,3.1,151,"4,890"
Keilor East,3.9,524,"13,552"
Niddrie - Essendon West,2.4,95,"3,947"
Strathmore,1.9,108,"5,666"
Gisborne,2.4,168,"7,099"
Macedon,1.6,31,"1,896"
Riddells Creek,2.2,54,"2,483"
Romsey,3.5,181,"5,185"
Coburg North,7.0,269,"3,862"
Fawkner,9.5,537,"5,682"
Glenroy - Hadfield,7.4,"1,096","14,769"
Pascoe Vale,4.2,536,"12,812"
Sunbury,4.6,360,"7,891"
Sunbury - South,5.4,823,"15,250"
Broadmeadows,25.3,"1,231","4,860"
Campbellfield - Coolaroo,22.4,"1,262","5,638"
Craigieburn - Mickleham,8.7,"2,288","26,211"
Gladstone Park - Westmeadows,6.6,665,"10,075"
Greenvale - Bulla,3.5,302,"8,535"
Meadow Heights,23.2,"1,393","5,996"
Melbourne Airport,3.6,4,111
Roxburgh Park - Somerton,13.8,"1,483","10,723"
Tullamarine,6.9,271,"3,950"
Bayswater,6.4,432,"6,766"
Boronia - The Basin,5.6,840,"15,106"
Ferntree Gully,5.3,871,"16,483"
Knoxfield - Scoresby,4.2,328,"7,831"
Lysterfield,1.8,79,"4,307"
Rowville - Central,3.5,317,"8,955"
Rowville - North,3.3,149,"4,581"
Rowville - South,2.7,180,"6,625"
Wantirna,3.5,283,"7,978"
Wantirna South,3.4,348,"10,321"
Donvale - Park Orchards,2.0,177,"8,970"
Warrandyte - Wonga Park,1.4,84,"6,142"
Bayswater North,5.1,364,"7,189"
Croydon,6.1,"1,079","17,654"
Croydon Hills - Warranwood,2.6,297,"11,432"
Ringwood,6.9,637,"9,233"
Ringwood East,5.3,600,"11,261"
Ringwood North,2.2,124,"5,527"
Forest Hill,3.8,206,"5,457"
Mitcham (Vic.),3.3,304,"9,148"
Nunawading,3.6,228,"6,378"
Vermont,2.7,155,"5,661"
Vermont South,2.1,138,"6,541"
Belgrave - Selby,4.6,273,"5,892"
Chirnside Park,3.8,209,"5,476"
Healesville - Yarra Glen,5.1,359,"7,055"
Kilsyth,5.7,274,"4,835"
Lilydale - Coldstream,4.6,498,"10,845"
Monbulk - Silvan,3.4,112,"3,300"
Montrose,3.7,151,"4,087"
Mooroolbark,5.2,646,"12,525"
Mount Dandenong - Olinda,3.6,210,"5,766"
Mount Evelyn,3.5,192,"5,513"
Upwey - Tecoma,4.0,242,"6,122"
Wandin - Seville,3.2,140,"4,350"
Yarra Valley,7.8,644,"8,217"
Beaconsfield - Officer,4.6,333,"7,202"
Bunyip - Garfield,4.9,238,"4,841"
Emerald - Cockatoo,4.0,435,"10,817"
Koo Wee Rup,5.6,228,"4,050"
Pakenham - North,8.9,862,"9,723"
Pakenham - South,8.8,"1,322","14,944"
Berwick - North,3.4,471,"13,699"
Berwick - South,4.1,600,"14,577"
Doveton,18.8,925,"4,924"
Endeavour Hills,6.6,984,"14,819"
Hallam,10.5,607,"5,792"
Narre Warren,7.8,"1,229","15,664"
Narre Warren North,2.0,91,"4,619"
Cranbourne,11.0,"1,317","12,022"
Cranbourne East,7.1,700,"9,897"
Cranbourne North,8.5,935,"10,955"
Cranbourne South,3.5,183,"5,215"
Cranbourne West,10.7,719,"6,744"
Hampton Park - Lynbrook,10.2,"1,407","13,734"
Lynbrook - Lyndhurst,3.9,359,"9,099"
Narre Warren South,6.3,"1,089","17,187"
Pearcedale - Tooradin,4.8,226,"4,740"
Clarinda - Oakleigh South,4.9,329,"6,661"
Clayton South,4.8,329,"6,886"
Dandenong,18.9,"2,599","13,766"
Dandenong North,10.8,"1,250","11,598"
Dingley Village,2.8,172,"6,130"
Keysborough,5.8,761,"13,065"
Noble Park,10.2,"1,595","15,566"
Noble Park North,9.6,383,"4,001"
Springvale,9.3,971,"10,465"
Springvale South,9.8,626,"6,407"
Ashwood - Chadstone,5.1,528,"10,363"
Clayton,3.6,386,"10,646"
Glen Waverley - East,2.7,311,"11,434"
Glen Waverley - West,2.7,290,"10,833"
Mount Waverley - North,2.5,220,"8,733"
Mount Waverley - South,2.6,265,"10,043"
Mulgrave,3.9,432,"10,957"
Oakleigh - Huntingdale,4.1,519,"12,701"
Wheelers Hill,2.1,242,"11,362"
Ardeer - Albion,12.4,510,"4,117"
Cairnlea,7.4,431,"5,834"
Deer Park - Derrimut,9.9,"1,431","14,470"
Delahey,10.0,484,"4,856"
Keilor Downs,8.7,674,"7,750"
Kings Park (Vic.),14.3,992,"6,934"
St Albans - North,16.5,"1,500","9,109"
St Albans - South,16.3,"1,271","7,777"
Sunshine,12.0,628,"5,224"
Sunshine North,16.0,876,"5,459"
Sunshine West,13.8,"1,219","8,851"
Sydenham,7.0,528,"7,509"
Taylors Lakes,4.0,468,"11,806"
Altona,5.4,392,"7,276"
Altona Meadows,7.3,831,"11,384"
Altona North,9.3,628,"6,748"
Newport,3.4,387,"11,382"
Seabrook,4.9,152,"3,095"
Williamstown,3.7,340,"9,182"
Braybrook,12.4,"1,141","9,181"
Footscray,10.2,"1,032","10,134"
Maribyrnong,4.4,369,"8,400"
Seddon - Kingsville,5.6,329,"5,888"
West Footscray - Tottenham,7.3,516,"7,092"
Yarraville,3.9,377,"9,649"
Bacchus Marsh,7.9,865,"10,954"
Caroline Springs,6.0,"1,086","18,084"
Hillside,4.9,556,"11,293"
Melton,13.7,"1,493","10,918"
Melton South,12.7,"1,500","11,816"
Melton West,10.4,"1,023","9,828"
Rockbank - Mount Cottrell,11.4,122,"1,074"
Taylors Hill,5.1,517,"10,173"
Hoppers Crossing - North,7.9,947,"12,027"
Hoppers Crossing - South,10.0,"1,077","10,777"
Laverton,11.5,470,"4,087"
Point Cook,4.0,"1,119","28,145"
Tarneit,5.0,"1,001","19,986"
Truganina,5.6,595,"10,692"
Werribee,12.2,"2,218","18,185"
Werribee - South,8.5,576,"6,794"
Wyndham Vale,9.4,"1,226","13,061"
Carrum Downs,5.9,718,"12,236"
Frankston,8.9,"1,122","12,553"
Frankston North,11.5,"1,121","9,731"
Frankston South,2.7,276,"10,285"
Langwarrin,3.5,504,"14,439"
Seaford (Vic.),7.3,694,"9,472"
Skye - Sandhurst,3.0,247,"8,202"
Dromana,5.1,252,"4,990"
Flinders,1.3,39,"2,924"
Hastings - Somers,6.6,776,"11,802"
Mornington,3.7,470,"12,622"
Mount Eliza,1.5,143,"9,732"
Mount Martha,1.9,195,"10,175"
Point Nepean,5.6,435,"7,780"
Rosebud - McCrae,8.8,775,"8,800"
Somerville,3.6,383,"10,603"
Ararat,6.6,236,"3,561"
Ararat Region,3.3,51,"1,567"
Horsham,4.0,338,"8,443"
Horsham Region,1.9,36,"1,883"
Nhill Region,4.1,131,"3,186"
St Arnaud,4.7,77,"1,649"
Stawell,4.9,200,"4,062"
West Wimmera,2.5,35,"1,388"
Yarriambiack,4.7,143,"3,032"
Irymple,3.6,123,"3,399"
Merbein,6.3,136,"2,144"
Mildura,7.5,"1,167","15,577"
Mildura Region,3.1,63,"2,003"
Red Cliffs,6.5,168,"2,597"
Buloke,4.1,114,"2,763"
Gannawarra,3.4,102,"3,030"
Kerang,4.9,84,"1,727"
Robinvale,4.8,77,"1,617"
Swan Hill,4.7,253,"5,430"
Swan Hill Region,3.2,102,"3,140"
Echuca,5.7,446,"7,772"
Kyabram,5.8,319,"5,467"
Lockington - Gunbower,3.1,65,"2,088"
Rochester,4.7,93,"1,989"
Rushworth,5.6,114,"2,023"
Cobram,6.1,180,"2,953"
Moira,4.7,67,"1,435"
Numurkah,5.2,337,"6,445"
Yarrawonga,6.0,207,"3,476"
Mooroopna,8.3,334,"4,006"
Shepparton - North,6.7,659,"9,881"
Shepparton - South,6.4,765,"12,000"
Shepparton Region - East,3.3,81,"2,490"
Shepparton Region - West,5.1,267,"5,270"
Glenelg (Vic.),4.5,203,"4,523"
Hamilton (Vic.),5.9,308,"5,258"
Portland,7.6,437,"5,776"
Southern Grampians,3.5,119,"3,356"
Camperdown,5.3,87,"1,641"
Colac,5.5,340,"6,143"
Colac Region,3.0,93,"3,134"
Corangamite - North,4.1,110,"2,679"
Corangamite - South,2.7,109,"4,076"
Moyne - East,3.4,129,"3,760"
Moyne - West,2.9,155,"5,258"
Otway,4.5,82,"1,839"
Warrnambool - North,5.0,589,"11,679"
Warrnambool - South,4.9,366,"7,533"
Alexandra Hills,7.7,777,"10,073"
Belmont - Gumdale,3.5,157,"4,539"
Birkdale,4.8,410,"8,512"
Capalaba,8.2,839,"10,213"
Thorneside,8.0,172,"2,145"
Wellington Point,4.8,326,"6,842"
Cleveland,6.1,485,"7,911"
Ormiston,3.8,124,"3,305"
Redland Bay,6.3,520,"8,265"
Redland Islands,26.9,956,"3,559"
Sheldon - Mount Cotton,3.1,137,"4,446"
Thornlands,4.7,378,"8,091"
Victoria Point,6.0,483,"8,026"
Manly - Lota,6.7,280,"4,181"
Manly West,6.6,433,"6,559"
Murarrie,5.6,151,"2,711"
Tingalpa,6.0,320,"5,317"
Wakerley,2.5,141,"5,586"
Wynnum,8.3,621,"7,451"
Wynnum West - Hemmant,7.9,647,"8,177"
Bald Hills,5.9,262,"4,405"
Bridgeman Downs,1.7,79,"4,679"
Carseldine,3.2,148,"4,637"
Everton Park,4.1,225,"5,463"
McDowall,2.0,92,"4,567"
Aspley,4.4,316,"7,128"
Chermside,7.2,394,"5,470"
Chermside West,4.1,148,"3,629"
Geebung,5.7,144,"2,507"
Kedron - Gordon Park,3.6,315,"8,692"
Stafford,8.1,313,"3,850"
Stafford Heights,6.1,245,"4,006"
Wavell Heights,3.0,176,"5,831"
Boondall,5.6,301,"5,365"
Eagle Farm - Pinkenba,7.2,13,181
Northgate - Virginia,5.3,229,"4,322"
Nudgee - Banyo,5.6,305,"5,487"
Nundah,4.5,358,"7,923"
Bracken Ridge,4.9,503,"10,304"
Brighton (Qld),4.9,265,"5,418"
Deagon,8.8,169,"1,919"
Sandgate - Shorncliffe,4.6,171,"3,706"
Taigum - Fitzgibbon,5.3,332,"6,316"
Zillmere,10.6,524,"4,949"
Camp Hill,3.6,256,"7,028"
Cannon Hill,6.3,203,"3,208"
Carina,5.1,359,"7,065"
Carina Heights,8.1,329,"4,049"
Carindale,2.8,278,"10,065"
Annerley,8.4,670,"8,011"
Coorparoo,4.8,530,"11,125"
Fairfield - Dutton Park,7.5,230,"3,055"
Greenslopes,6.1,407,"6,709"
Holland Park,7.0,347,"4,991"
Holland Park West,4.3,177,"4,111"
Woolloongabba,10.0,415,"4,130"
Yeronga,6.0,363,"6,007"
Eight Mile Plains,4.6,431,"9,444"
Macgregor (Qld),7.7,239,"3,112"
Mansfield (Qld),7.0,355,"5,036"
Mount Gravatt,7.5,669,"8,961"
Rochedale - Burbank,3.6,107,"2,943"
Upper Mount Gravatt,8.9,476,"5,361"
Wishart,5.0,318,"6,338"
Coopers Plains,11.7,336,"2,873"
Moorooka,8.7,581,"6,689"
Robertson,6.0,156,"2,608"
Salisbury - Nathan,9.2,400,"4,329"
Tarragindi,4.1,262,"6,362"
Algester,7.2,389,"5,438"
Calamvale - Stretton,5.3,677,"12,821"
Pallara - Willawong,6.1,172,"2,810"
Parkinson - Drewvale,4.7,454,"9,640"
Rocklea - Acacia Ridge,22.9,"1,097","4,797"
Kuraby,6.8,315,"4,656"
Runcorn,7.8,676,"8,623"
Sunnybank,11.3,528,"4,661"
Sunnybank Hills,7.6,787,"10,374"
Jindalee - Mount Ommaney,4.3,176,"4,069"
Middle Park - Jamboree Heights,6.3,265,"4,239"
Riverhills,6.1,146,"2,377"
Seventeen Mile Rocks - Sinnamon Park,3.0,165,"5,411"
Westlake,2.8,76,"2,667"
Bellbowrie - Moggill,4.3,238,"5,483"
Brookfield - Kenmore Hills,2.0,76,"3,717"
Chapel Hill,3.4,203,"6,018"
Fig Tree Pocket,2.3,47,"2,043"
Kenmore,4.5,209,"4,660"
Pinjarra Hills - Pullenvale,2.1,63,"2,994"
Chelmer - Graceville,3.0,112,"3,676"
Corinda,5.2,138,"2,630"
Indooroopilly,4.4,318,"7,228"
Sherwood,4.7,152,"3,208"
St Lucia,3.5,213,"6,032"
Taringa,5.5,292,"5,297"
Enoggera,7.5,395,"5,288"
Keperra,15.0,514,"3,420"
Mitchelton,7.8,352,"4,488"
The Gap,4.2,385,"9,243"
Upper Kedron - Ferny Grove,4.9,255,"5,216"
Brisbane City,3.4,232,"6,903"
Fortitude Valley,7.8,366,"4,702"
Highgate Hill,5.6,236,"4,208"
Kangaroo Point,3.8,218,"5,776"
New Farm,3.9,359,"9,298"
South Brisbane,6.1,248,"4,089"
Spring Hill,7.5,311,"4,169"
West End,5.5,330,"5,968"
Balmoral,2.5,66,"2,612"
Bulimba,2.0,82,"4,108"
East Brisbane,6.0,238,"3,978"
Hawthorne,2.1,74,"3,534"
Morningside - Seven Hills,3.7,316,"8,642"
Norman Park,2.3,96,"4,212"
Albion,4.7,85,"1,795"
Alderley,3.8,150,"3,940"
Ascot,2.3,82,"3,581"
Clayfield,3.6,238,"6,641"
Grange,2.3,60,"2,565"
Hamilton (Qld),2.9,103,"3,559"
Hendra,2.6,72,"2,821"
Kelvin Grove - Herston,4.2,232,"5,563"
Newmarket,4.7,146,"3,077"
Newstead - Bowen Hills,3.3,221,"6,599"
Wilston,2.6,65,"2,520"
Windsor,4.5,206,"4,570"
Wooloowin - Lutwyche,4.6,271,"5,866"
Ashgrove,2.5,203,"8,108"
Auchenflower,3.2,125,"3,907"
Bardon,2.1,124,"5,920"
Paddington - Milton,2.6,203,"7,938"
Red Hill (Qld),4.8,199,"4,128"
Toowong,3.3,247,"7,534"
Brinsmead,2.5,77,"3,026"
Clifton Beach - Kewarra Beach,3.4,209,"6,064"
Freshwater - Stratford,3.1,68,"2,213"
Redlynch,3.0,205,"6,863"
Trinity Beach - Smithfield,4.4,298,"6,784"
Yorkeys Knob - Machans Beach,6.3,219,"3,477"
Bentley Park,6.2,249,"3,993"
Cairns City,9.4,608,"6,439"
Earlville - Bayview Heights,5.5,242,"4,384"
Edmonton,8.1,419,"5,183"
Gordonvale - Trinity,5.7,240,"4,233"
Kanimbla - Mooroobool,6.6,339,"5,102"
Manoora,17.9,491,"2,739"
Manunda,15.4,408,"2,643"
Mount Sheridan,4.1,192,"4,651"
Westcourt - Bungalow,13.3,454,"3,412"
White Rock,9.2,208,"2,265"
Whitfield - Edge Hill,4.5,205,"4,549"
Woree,12.0,296,"2,473"
Babinda,5.5,111,"2,022"
Innisfail,10.9,464,"4,267"
Johnstone,5.6,217,"3,875"
Tully,5.3,276,"5,202"
Yarrabah,51.0,434,851
Daintree,8.7,259,"2,971"
Port Douglas,3.2,102,"3,209"
Atherton,7.3,349,"4,810"
Herberton,13.6,285,"2,096"
Kuranda,10.2,227,"2,224"
Malanda - Yungaburra,5.3,198,"3,732"
Mareeba,10.3,492,"4,761"
Balonne,3.6,97,"2,666"
Chinchilla,3.7,155,"4,206"
Goondiwindi,2.5,93,"3,699"
Inglewood - Waggamba,3.0,65,"2,178"
Miles - Wandoan,2.7,62,"2,262"
Roma,2.8,129,"4,567"
Roma Region,1.6,59,"3,582"
Tara,7.8,143,"1,829"
Crows Nest - Rosalie,4.0,150,"3,760"
Jondaryan,3.7,148,"4,041"
Millmerran,3.3,55,"1,669"
Pittsworth,2.2,65,"2,956"
Wambo,3.9,358,"9,195"
Clifton - Greenmount,2.8,66,"2,357"
Southern Downs - East,3.2,67,"2,077"
Southern Downs - West,3.6,80,"2,232"
Stanthorpe,5.0,121,"2,403"
Stanthorpe Region,4.1,120,"2,892"
Warwick,4.9,365,"7,411"
Central Highlands - East,7.9,351,"4,444"
Central Highlands - West,3.1,160,"5,121"
Emerald,3.0,285,"9,446"
Agnes Water - Miriam Vale,11.2,296,"2,645"
Banana,3.5,170,"4,883"
Biloela,4.8,162,"3,348"
Boyne Island - Tannum Sands,4.9,295,"6,027"
Clinton - New Auckland,6.7,521,"7,744"
Gladstone,10.7,451,"4,228"
Gladstone Hinterland,5.3,335,"6,352"
Kin Kora - Sun Valley,6.0,153,"2,566"
Telina - Toolooa,6.6,239,"3,643"
West Gladstone,8.4,261,"3,123"
Berserker,13.5,511,"3,781"
Bouldercombe,4.4,47,"1,075"
Emu Park,9.6,222,"2,311"
Frenchville - Mount Archer,4.7,252,"5,369"
Glenlee - Rockyview,1.7,46,"2,700"
Gracemere,8.5,479,"5,632"
Lakes Creek,9.3,271,"2,901"
Mount Morgan,21.0,224,"1,065"
Norman Gardens,5.1,272,"5,332"
Park Avenue,9.5,271,"2,865"
Parkhurst - Kawana,7.7,289,"3,761"
Rockhampton - West,7.0,216,"3,104"
Rockhampton City,20.9,384,"1,837"
Rockhampton Region - East,5.7,104,"1,822"
Rockhampton Region - North,5.0,115,"2,297"
Rockhampton Region - West,3.2,56,"1,737"
The Range - Allenstown,6.2,269,"4,321"
Yeppoon,6.4,588,"9,164"
Broadbeach Waters,3.1,143,"4,580"
Burleigh Heads,5.8,291,"5,038"
Burleigh Waters,4.2,323,"7,662"
Mermaid Beach - Broadbeach,4.5,355,"7,873"
Mermaid Waters,4.6,327,"7,178"
Miami,6.0,257,"4,256"
Coolangatta,8.0,234,"2,913"
Currumbin - Tugun,5.3,341,"6,474"
Currumbin Waters,5.4,265,"4,888"
Elanora,4.7,308,"6,511"
Palm Beach,6.7,545,"8,195"
Arundel,5.5,323,"5,843"
Biggera Waters,8.5,340,"4,019"
Coombabah,6.3,315,"5,010"
Labrador,9.6,978,"10,237"
Paradise Point - Hollywell,3.6,183,"5,119"
Runaway Bay,3.6,182,"4,990"
Guanaba - Springbrook,5.3,130,"2,450"
Tamborine - Canungra,5.0,378,"7,561"
Currumbin Valley - Tallebudgera,3.8,157,"4,089"
Mudgeeraba - Bonogin,4.1,426,"10,470"
Reedy Creek - Andrews,3.6,158,"4,420"
Carrara,5.1,367,"7,237"
Highland Park,5.6,281,"4,984"
Nerang - Mount Nathan,7.8,853,"10,999"
Pacific Pines - Gaven,4.5,504,"11,119"
Worongary - Tallai,3.4,159,"4,660"
Coomera,6.2,414,"6,712"
Helensvale,3.8,390,"10,147"
Hope Island,3.1,177,"5,621"
Jacobs Well - Alberton,4.3,92,"2,155"
Ormeau - Yatala,4.0,425,"10,553"
Oxenford - Maudsland,4.3,395,"9,141"
Pimpama,9.6,327,"3,413"
Upper Coomera - Willow Vale,4.8,810,"16,812"
Clear Island Waters,3.4,69,"2,054"
Merrimac,4.9,203,"4,145"
Robina,3.8,500,"13,035"
Varsity Lakes,5.6,494,"8,841"
Ashmore,5.1,340,"6,667"
Molendinar,6.5,248,"3,822"
Parkwood,5.2,280,"5,355"
Southport,8.6,"1,475","17,195"
Benowa,3.2,148,"4,668"
Bundall,3.9,104,"2,634"
Main Beach,3.0,74,"2,497"
Surfers Paradise,6.5,899,"13,893"
Darra - Sumner,7.2,187,"2,587"
Durack,9.6,344,"3,597"
Forest Lake - Doolandella,4.0,660,"16,569"
Inala - Richlands,19.4,"1,373","7,079"
Oxley (Qld),3.4,150,"4,391"
Wacol,20.6,244,"1,185"
Boonah,4.9,288,"5,937"
Esk,8.9,185,"2,085"
Lockyer Valley - East,9.2,853,"9,305"
Lowood,9.9,644,"6,504"
Rosewood,6.0,374,"6,231"
Brassall,9.0,465,"5,178"
Bundamba,10.8,468,"4,326"
Churchill - Yamanto,6.7,241,"3,623"
Ipswich - Central,11.8,425,"3,604"
Ipswich - East,10.2,913,"8,914"
Ipswich - North,3.3,91,"2,771"
Karalee - Barellan Point,2.7,84,"3,105"
Karana Downs,2.0,76,"3,789"
Leichhardt - One Mile,15.7,539,"3,425"
North Ipswich - Tivoli,10.7,343,"3,201"
Raceview,6.1,504,"8,243"
Ripley,3.1,64,"2,058"
Riverview,19.3,248,"1,286"
Bellbird Park - Brookwater,5.0,332,"6,630"
Camira - Gailes,6.0,344,"5,701"
Collingwood Park - Redbank,6.4,309,"4,843"
Goodna,13.1,667,"5,076"
Redbank Plains,9.1,897,"9,905"
Springfield,3.4,147,"4,344"
Springfield Lakes,3.4,265,"7,856"
Beaudesert,7.0,399,"5,677"
Beenleigh,9.3,365,"3,919"
Eagleby,9.4,508,"5,423"
Edens Landing - Holmview,5.3,185,"3,522"
Mount Warren Park,4.5,132,"2,958"
Wolffdene - Bahrs Scrub,2.8,89,"3,147"
Boronia Heights - Park Ridge,5.5,303,"5,550"
Browns Plains,6.3,226,"3,607"
Chambers Flat - Logan Reserve,5.4,115,"2,119"
Crestmead,7.2,396,"5,526"
Hillcrest,3.9,167,"4,246"
Marsden,8.2,478,"5,804"
Munruben - Park Ridge South,2.5,61,"2,470"
Regents Park - Heritage Park,3.4,278,"8,184"
Greenbank,2.6,166,"6,500"
Jimboomba,4.2,442,"10,557"
Logan Village,2.9,98,"3,410"
Bethania - Waterford,5.7,234,"4,140"
Cornubia - Carbrook,1.8,82,"4,625"
Loganholme - Tanah Merah,3.4,197,"5,767"
Loganlea,8.3,395,"4,771"
Shailer Park,2.1,140,"6,599"
Waterford West,7.0,243,"3,468"
Daisy Hill,2.5,86,"3,413"
Kingston,12.9,542,"4,217"
Logan Central,17.3,408,"2,365"
Rochedale South - Priestdale,2.3,191,"8,287"
Slacks Creek,8.1,387,"4,787"
Springwood,2.5,129,"5,142"
Underwood,3.3,116,"3,463"
Woodridge,15.8,797,"5,029"
Bowen,9.0,460,"5,089"
Broadsound - Nebo,1.7,112,"6,502"
Clermont,2.7,63,"2,320"
Collinsville,6.8,153,"2,237"
Moranbah,2.1,131,"6,206"
Andergrove - Beaconsfield,7.3,663,"9,102"
East Mackay,6.7,147,"2,204"
Eimeo - Rural View,5.9,420,"7,116"
Mackay,14.2,379,"2,673"
Mackay Harbour,1.4,5,353
Mount Pleasant - Glenella,3.4,226,"6,681"
North Mackay,9.6,394,"4,115"
Ooralea - Bakers Creek,4.7,139,"2,975"
Pioneer Valley,4.7,216,"4,565"
Sarina,7.1,465,"6,544"
Seaforth - Calen,4.5,208,"4,627"
Shoal Point - Bucasia,5.9,204,"3,437"
Slade Point,9.2,206,"2,237"
South Mackay,7.6,345,"4,532"
Walkerston - Eton,3.7,191,"5,201"
West Mackay,5.7,210,"3,693"
Airlie - Whitsundays,5.2,420,"8,025"
Proserpine,5.8,268,"4,624"
Beachmere - Sandstone Point,6.6,430,"6,544"
Bribie Island,6.8,461,"6,798"
Burpengary - East,2.1,49,"2,289"
Caboolture,11.4,"1,396","12,256"
Caboolture - South,9.3,938,"10,093"
Elimbah,3.6,81,"2,221"
Morayfield - East,8.6,361,"4,181"
Wamuran,2.5,58,"2,354"
Kilcoy,5.2,138,"2,669"
Woodford - D'Aguilar,4.7,170,"3,628"
Burpengary,4.3,326,"7,640"
Deception Bay,8.8,959,"10,894"
Morayfield,2.4,75,"3,165"
Narangba,3.0,322,"10,733"
Upper Caboolture,3.7,67,"1,814"
Clontarf,5.3,235,"4,393"
Margate - Woody Point,7.4,445,"5,979"
Redcliffe,7.0,348,"5,007"
Rothwell - Kippa-Ring,6.2,544,"8,773"
Scarborough - Newport,3.1,204,"6,570"
Albany Creek,2.1,198,"9,426"
Cashmere,2.6,271,"10,471"
Dayboro,2.5,113,"4,537"
Eatons Hill,1.4,70,"4,845"
Hills District,2.7,374,"14,059"
Samford Valley,1.8,116,"6,441"
Dakabin - Kallangur,7.9,"1,018","12,890"
Murrumba Downs - Griffin,5.1,414,"8,044"
North Lakes - Mango Hill,3.9,588,"15,110"
Bray Park,5.8,348,"5,955"
Lawnton,9.2,301,"3,270"
Petrie,5.3,270,"5,052"
Strathpine - Brendale,9.3,627,"6,744"
Aurukun,66.6,213,320
Cape York,25.6,725,"2,833"
Croydon - Etheridge,6.5,41,628
Kowanyama - Pormpuraaw,41.8,264,631
Northern Peninsula,21.4,203,949
Tablelands,8.9,218,"2,440"
Torres,11.1,177,"1,595"
Torres Strait Islands,30.8,542,"1,761"
Weipa,2.9,66,"2,246"
Carpentaria,27.0,552,"2,043"
Mount Isa,7.4,833,"11,297"
Mount Isa Region,7.9,179,"2,276"
Northern Highlands,4.8,97,"2,021"
Barcaldine - Blackall,3.4,92,"2,710"
Charleville,7.8,173,"2,209"
Far Central West,4.7,62,"1,313"
Far South West,8.6,128,"1,497"
Longreach,4.3,86,"1,998"
Buderim - North,3.8,293,"7,722"
Buderim - South,3.1,264,"8,630"
Mountain Creek,5.1,246,"4,855"
Sippy Downs,4.8,223,"4,624"
Aroona - Currimundi,4.8,240,"5,004"
Buddina - Minyama,3.5,117,"3,341"
Caloundra - Kings Beach,8.8,275,"3,139"
Caloundra - West,5.2,408,"7,831"
Golden Beach - Pelican Waters,4.8,229,"4,787"
Moffat Beach - Battery Hill,4.7,195,"4,171"
Parrearra - Warana,4.0,201,"5,039"
Wurtulla - Birtinya,5.5,183,"3,344"
Coolum Beach,4.6,355,"7,723"
Marcoola - Mudjimba,4.6,264,"5,759"
Maroochydore - Kuluin,6.4,602,"9,448"
Mooloolaba - Alexandra Headland,4.1,308,"7,435"
Bli Bli,5.1,193,"3,762"
Diddillibah - Rosemount,3.7,72,"1,932"
Eumundi - Yandina,5.7,298,"5,231"
Nambour,7.9,719,"9,128"
Noosa Hinterland,5.1,535,"10,419"
Noosa Heads,3.6,76,"2,108"
Noosaville,3.8,155,"4,031"
Peregian,4.7,205,"4,370"
Sunshine Beach,3.8,143,"3,744"
Tewantin,6.0,264,"4,432"
Beerwah,6.1,228,"3,721"
Caloundra Hinterland,6.1,250,"4,074"
Glass House Mountains,4.9,137,"2,806"
Landsborough,5.0,261,"5,194"
Maroochy Hinterland,5.0,151,"3,032"
Palmwoods,4.0,215,"5,335"
Cambooya - Wyreema,2.5,85,"3,456"
Darling Heights,6.5,428,"6,612"
Drayton - Harristown,7.6,377,"4,945"
Gatton,7.0,253,"3,613"
Gowrie (Qld),2.8,90,"3,224"
Highfields,2.0,127,"6,338"
Lockyer Valley - West,4.4,250,"5,747"
Middle Ridge,1.5,53,"3,636"
Newtown (Qld),8.9,445,"5,018"
North Toowoomba - Harlaxton,8.8,269,"3,042"
Rangeville,3.0,125,"4,147"
Toowoomba - Central,7.9,554,"7,050"
Toowoomba - East,3.5,189,"5,416"
Toowoomba - West,2.7,190,"7,012"
Wilsonton,8.5,533,"6,242"
Ayr,12.4,514,"4,157"
Burdekin,7.9,285,"3,612"
Charters Towers,18.0,598,"3,316"
Dalrymple,6.6,116,"1,755"
Ingham,16.2,307,"1,891"
Ingham Region,7.6,219,"2,892"
Palm Island,55.2,473,857
Aitkenvale,15.1,368,"2,430"
Annandale,4.7,234,"4,950"
Belgian Gardens - Pallarenda,5.9,93,"1,580"
Bohle Plains,5.1,159,"3,115"
Condon - Rasmussen,15.8,749,"4,740"
Cranbrook,13.1,363,"2,771"
Deeragun,8.2,837,"10,245"
Douglas,4.9,193,"3,978"
Garbutt - West End,17.0,592,"3,480"
Gulliver - Currajong - Vincent,18.1,691,"3,808"
Heatley,18.4,357,"1,941"
Hermit Park - Rosslea,14.0,388,"2,768"
Hyde Park - Pimlico,14.2,365,"2,579"
Kelso,16.3,849,"5,193"
Kirwan - East,15.9,620,"3,901"
Kirwan - West,6.5,561,"8,697"
Magnetic Island,11.7,131,"1,119"
Mount Louisa,8.3,383,"4,597"
Mundingburra,9.3,162,"1,733"
Northern Beaches,7.9,257,"3,239"
Oonoonba,6.3,193,"3,070"
South Townsville - Railway Estate,14.1,399,"2,822"
Townsville - South,7.0,147,"2,096"
Townsville City - North Ward,12.1,635,"5,238"
Wulguru - Roseneath,12.4,334,"2,690"
Ashfield - Kepnock,8.9,203,"2,288"
Bargara - Burnett Heads,6.5,486,"7,473"
Branyan - Kensington,7.7,163,"2,109"
Bundaberg,17.0,506,"2,985"
Bundaberg East - Kalkie,8.5,225,"2,650"
Bundaberg North - Gooburrum,10.1,322,"3,192"
Bundaberg Region - North,8.1,332,"4,088"
Bundaberg Region - South,8.1,371,"4,586"
Millbank - Avoca,7.8,270,"3,449"
Svensson Heights - Norville,10.5,270,"2,560"
Walkervale - Avenell Heights,11.6,577,"4,975"
Gayndah - Mundubbera,4.5,151,"3,345"
Gin Gin,12.4,260,"2,100"
Kingaroy,7.9,397,"5,039"
Kingaroy Region - North,12.6,515,"4,074"
Kingaroy Region - South,3.3,68,"2,080"
Monto - Eidsvold,6.2,118,"1,909"
Nanango,10.6,379,"3,588"
Cooloola,11.1,228,"2,050"
Gympie - North,12.4,753,"6,075"
Gympie - South,6.0,195,"3,239"
Gympie Region,7.3,624,"8,514"
Kilkivan,7.3,122,"1,672"
Booral - River Heads,9.0,185,"2,062"
Craignish - Dundowran Beach,5.3,126,"2,371"
Pialba - Eli Waters,11.9,586,"4,906"
Point Vernon,11.4,250,"2,197"
Torquay - Scarness - Kawungan,11.7,723,"6,156"
Urangan - Wondunna,9.7,491,"5,071"
Burrum - Fraser,10.7,366,"3,432"
Granville,12.0,161,"1,347"
Maryborough (Qld),12.9,991,"7,675"
Maryborough Region - South,9.1,314,"3,469"
Tinana,5.2,139,"2,650"
Adelaide,11.3,"1,026","9,049"
North Adelaide,4.0,166,"4,172"
Adelaide Hills,4.3,176,"4,116"
Aldgate - Stirling,3.0,313,"10,412"
Hahndorf - Echunga,3.7,88,"2,377"
Lobethal - Woodside,5.9,302,"5,148"
Mount Barker,8.9,838,"9,386"
Mount Barker Region,7.2,263,"3,662"
Nairne,7.5,207,"2,755"
Uraidla - Summertown,3.6,117,"3,232"
Burnside - Wattle Park,3.3,350,"10,530"
Glenside - Beaumont,2.9,149,"5,086"
Toorak Gardens,3.4,291,"8,605"
Athelstone,5.3,287,"5,435"
Paradise - Newton,7.8,784,"10,003"
Rostrevor - Magill,6.1,704,"11,577"
Norwood (SA),6.0,387,"6,482"
Payneham - Felixstow,6.5,423,"6,535"
St Peters - Marden,4.8,370,"7,726"
Nailsworth - Broadview,4.1,156,"3,780"
Prospect,6.3,559,"8,872"
Walkerville,5.3,206,"3,913"
Goodwood - Millswood,4.6,498,"10,774"
Unley - Parkside,3.8,450,"11,694"
Gawler - North,4.1,206,"5,080"
Gawler - South,7.6,741,"9,759"
Lewiston - Two Wells,4.8,144,"2,990"
Craigmore - Blakeview,6.5,644,"9,924"
Davoren Park,18.6,"1,357","7,310"
Elizabeth,33.1,"1,109","3,354"
Elizabeth East,14.1,823,"5,824"
Munno Para West - Angle Vale,8.6,486,"5,661"
One Tree Hill,1.9,28,"1,494"
Smithfield - Elizabeth North,23.5,"1,153","4,896"
Virginia - Waterloo Corner,5.9,108,"1,823"
Enfield - Blair Athol,10.1,"1,112","11,059"
Northgate - Oakden - Gilles Plains,6.0,692,"11,618"
Windsor Gardens,5.5,589,"10,671"
Ingle Farm,6.8,517,"7,599"
Para Hills,6.7,516,"7,651"
Parafield Gardens,10.3,812,"7,879"
Paralowie,10.0,894,"8,927"
Pooraka,4.9,594,"12,244"
Salisbury,16.7,"1,238","7,419"
Salisbury East,7.8,704,"9,041"
Salisbury North,12.7,"1,041","8,203"
Golden Grove,2.8,162,"5,785"
Greenwith,3.1,171,"5,435"
Highbury - Dernancourt,2.6,152,"5,843"
Hope Valley - Modbury,5.9,470,"7,951"
Modbury Heights,3.7,423,"11,476"
Redwood Park,3.4,315,"9,141"
St Agnes - Ridgehaven,4.4,288,"6,591"
Brighton (SA),3.8,278,"7,299"
Glenelg (SA),3.9,467,"12,020"
Edwardstown,7.5,548,"7,273"
Hallett Cove,3.6,273,"7,673"
Marino - Seaview Downs,4.2,219,"5,154"
Mitchell Park,9.6,671,"7,018"
Morphettville,6.8,496,"7,296"
Sheidow Park - Trott Park,4.2,258,"6,167"
Warradale,8.6,611,"7,121"
Belair,2.8,69,"2,496"
Bellevue Heights,3.9,154,"3,903"
Blackwood,3.1,198,"6,468"
Colonel Light Gardens,3.4,292,"8,670"
Mitcham (SA),2.5,220,"8,893"
Panorama,6.3,254,"4,037"
Aberfoyle Park,4.2,298,"7,058"
Aldinga,10.4,815,"7,810"
Christie Downs,20.2,832,"4,111"
Christies Beach,13.6,651,"4,779"
Clarendon,2.8,46,"1,650"
Coromandel Valley,2.2,58,"2,640"
Flagstaff Hill,3.3,210,"6,330"
Hackham - Onkaparinga Hills,9.3,318,"3,436"
Hackham West - Huntfield Heights,20.9,706,"3,370"
Happy Valley,4.5,357,"7,935"
McLaren Vale,3.9,123,"3,142"
Morphett Vale - East,10.4,750,"7,210"
Morphett Vale - West,14.3,643,"4,488"
Reynella,7.3,393,"5,413"
Seaford (SA),9.3,"1,052","11,305"
Willunga,4.1,77,"1,894"
Woodcroft,5.0,320,"6,376"
Beverley,7.0,294,"4,208"
Flinders Park,6.4,465,"7,319"
Henley Beach,3.9,318,"8,232"
Hindmarsh - Brompton,7.3,705,"9,660"
Royal Park - Hendon - Albert Park,8.9,255,"2,850"
Seaton - Grange,6.7,557,"8,256"
West Lakes,4.9,365,"7,468"
Woodville - Cheltenham,10.4,855,"8,190"
Largs Bay - Semaphore,7.0,601,"8,542"
North Haven,8.6,645,"7,499"
Port Adelaide,12.5,705,"5,626"
The Parks,14.9,"1,214","8,166"
Fulham,4.4,57,"1,290"
Lockleys,4.8,339,"7,053"
Plympton,5.1,665,"13,008"
Richmond (SA),6.6,606,"9,178"
West Beach,3.9,102,"2,645"
Barossa - Angaston,2.7,86,"3,169"
Light,3.4,155,"4,578"
Lyndoch,2.8,87,"3,118"
Mallala,4.5,69,"1,532"
Nuriootpa,3.3,101,"3,067"
Tanunda,1.8,43,"2,450"
Clare,3.4,70,"2,042"
Gilbert Valley,3.2,77,"2,388"
Goyder,5.6,107,"1,923"
Wakefield - Barunga West,5.1,211,"4,116"
Jamestown,3.3,72,"2,205"
Peterborough - Mount Remarkable,6.2,144,"2,313"
Port Pirie,10.3,613,"5,935"
Port Pirie Region,5.3,78,"1,464"
Kadina,8.1,192,"2,382"
Moonta,6.6,119,"1,797"
Wallaroo,9.9,151,"1,525"
Yorke Peninsula - North,5.0,141,"2,810"
Yorke Peninsula - South,5.6,89,"1,596"
Ceduna,6.2,90,"1,453"
Eyre Peninsula,2.7,86,"3,139"
Kimba - Cleve - Franklin Harbour,2.1,45,"2,174"
Le Hunte - Elliston,2.0,24,"1,198"
Port Lincoln,5.6,430,"7,730"
West Coast (SA),5.7,111,"1,952"
Whyalla,9.6,"1,001","10,459"
APY Lands,24.1,229,949
Coober Pedy,12.7,110,866
Flinders Ranges,6.0,61,"1,015"
Outback,3.4,75,"2,204"
Port Augusta,9.7,631,"6,501"
Roxby Downs,0.9,30,"3,510"
Goolwa - Port Elliot,6.4,283,"4,411"
Kangaroo Island,3.8,99,"2,600"
Strathalbyn,3.9,145,"3,677"
Strathalbyn Region,3.8,152,"3,973"
Victor Harbor,6.1,354,"5,779"
Yankalilla,5.2,132,"2,550"
Grant,2.6,82,"3,153"
Kingston - Robe,2.7,55,"2,073"
Millicent,6.4,160,"2,485"
Mount Gambier,5.5,848,"15,308"
Naracoorte,3.9,133,"3,448"
Naracoorte Region,1.4,20,"1,465"
Penola,3.9,70,"1,811"
Tatiara,2.0,75,"3,748"
Wattle Range,3.4,58,"1,691"
Barmera,5.9,191,"3,211"
Berri,10.9,198,"1,821"
Karoonda - Lameroo,3.8,60,"1,590"
Loxton,4.7,128,"2,746"
Loxton Region,3.8,36,944
Mannum,6.2,177,"2,847"
Murray Bridge,8.6,711,"8,242"
Murray Bridge Region,5.1,95,"1,847"
Renmark,10.5,223,"2,132"
Renmark Region,4.2,113,"2,689"
The Coorong,5.2,149,"2,870"
Waikerie,5.7,175,"3,063"
Augusta,3.2,84,"2,632"
Busselton,5.0,624,"12,367"
Busselton Region,2.0,115,"5,668"
Margaret River,3.4,166,"4,867"
Australind - Leschenault,3.3,319,"9,574"
Bunbury,6.6,650,"9,811"
Capel,3.9,105,"2,706"
College Grove - Carey Park,7.3,270,"3,705"
Collie,6.6,326,"4,931"
Dardanup,2.2,41,"1,833"
Eaton - Pelican Point,3.3,213,"6,408"
Gelorup - Dalyellup - Stratham,3.1,197,"6,278"
Harvey,4.4,204,"4,587"
Koombana,5.8,233,"4,021"
Waroona,6.1,115,"1,898"
Bridgetown - Boyup Brook,3.8,117,"3,059"
Donnybrook - Balingup,4.4,127,"2,899"
Manjimup,5.7,160,"2,800"
Pemberton,3.7,98,"2,638"
Dawesville - Bouvard,8.9,283,"3,185"
Falcon - Wannanup,10.2,391,"3,820"
Greenfields,13.8,614,"4,438"
Halls Head - Erskine,6.4,587,"9,159"
Mandurah,22.8,954,"4,180"
Mandurah - East,10.1,266,"2,628"
Mandurah - North,6.7,558,"8,361"
Mandurah - South,15.5,664,"4,285"
Pinjarra,11.2,473,"4,222"
City Beach,1.7,59,"3,464"
Claremont (WA),3.6,166,"4,594"
Cottesloe,1.6,76,"4,884"
Floreat,2.1,95,"4,458"
Mosman Park - Peppermint Grove,4.0,238,"5,971"
Nedlands - Dalkeith - Crawley,2.5,257,"10,171"
Swanbourne - Mount Claremont,2.4,116,"4,743"
Mount Hawthorn - Leederville,6.2,460,"7,470"
Mount Lawley - Inglewood,5.1,611,"11,918"
North Perth,6.0,358,"5,949"
Perth City,7.8,"1,881","24,019"
Subiaco - Shenton Park,3.8,400,"10,540"
Wembley - West Leederville - Glendalough,4.8,556,"11,690"
Bassendean - Eden Hill - Ashfield,6.6,548,"8,252"
Bayswater - Embleton - Bedford,4.9,632,"13,018"
Maylands,4.6,399,"8,581"
Morley,6.7,776,"11,499"
Noranda,3.7,168,"4,517"
Chidlow,5.1,79,"1,537"
Glen Forrest - Darlington,2.6,102,"3,960"
Helena Valley - Koongamia,4.9,138,"2,812"
Mundaring,3.8,266,"7,007"
Swan View - Greenmount - Midvale,9.1,592,"6,476"
Ballajura,6.8,737,"10,899"
Beechboro,8.4,787,"9,377"
Bullsbrook,5.5,146,"2,639"
Ellenbrook,6.1,"1,053","17,276"
Gidgegannup,2.9,44,"1,531"
Hazelmere - South Guildford,5.4,127,"2,342"
Lockridge - Kiara,9.6,461,"4,821"
Middle Swan - Herne Hill,8.5,251,"2,936"
Midland - Guildford,11.5,643,"5,613"
Stratton - Jane Brook,7.8,303,"3,906"
The Vines,4.1,168,"4,060"
Craigie - Beldon,7.3,479,"6,536"
Currambine - Kinross,4.3,410,"9,468"
Duncraig,2.7,265,"9,675"
Greenwood - Warwick,4.7,408,"8,593"
Heathridge - Connolly,5.5,388,"7,034"
Hillarys,2.1,152,"7,214"
Iluka - Burns Beach,2.0,101,"5,128"
Joondalup - Edgewater,6.5,621,"9,503"
Kingsley,3.3,271,"8,209"
Mullaloo - Kallaroo,2.9,215,"7,376"
Ocean Reef,2.5,135,"5,370"
Padbury,4.7,256,"5,469"
Sorrento - Marmion,1.8,115,"6,281"
Woodvale,2.9,180,"6,273"
Balcatta - Hamersley,5.6,524,"9,418"
Balga - Mirrabooka,21.9,"2,223","10,140"
Dianella,5.0,726,"14,560"
Innaloo - Doubleview,5.3,589,"11,041"
Karrinyup - Gwelup - Carine,2.4,295,"12,151"
Nollamara - Westminster,11.9,"1,223","10,277"
Scarborough,3.6,425,"11,700"
Stirling - Osborne Park,4.4,406,"9,125"
Trigg - North Beach - Watermans Bay,3.6,162,"4,483"
Tuart Hill - Joondanna,5.8,484,"8,402"
Wembley Downs - Churchlands - Woodlands,2.2,173,"8,011"
Yokine - Coolbinia - Menora,4.8,468,"9,766"
Alexander Heights - Koondoola,13.8,941,"6,807"
Butler - Merriwa - Ridgewood,11.2,"1,456","12,961"
Carramar,7.2,676,"9,358"
Clarkson,12.0,895,"7,466"
Girrawheen,20.5,942,"4,593"
Madeley - Darch - Landsdale,4.5,659,"14,597"
Marangaroo,11.0,689,"6,248"
Mindarie - Quinns Rocks - Jindalee,5.5,618,"11,323"
Tapping - Ashby - Sinagra,3.3,280,"8,472"
Wanneroo,6.0,961,"15,946"
Yanchep,12.6,863,"6,846"
Armadale - Wungong - Brookdale,19.2,"1,786","9,305"
Camillo - Champion Lakes,14.1,446,"3,158"
Forrestdale - Harrisdale - Piara Waters,3.5,334,"9,493"
Kelmscott,10.9,665,"6,076"
Mount Nasura - Mount Richon - Bedfordale,4.2,201,"4,794"
Roleystone,3.3,142,"4,327"
Seville Grove,9.7,594,"6,097"
Belmont - Ascot - Redcliffe,6.5,584,"8,971"
East Victoria Park - Carlisle,5.6,596,"10,699"
Rivervale - Kewdale - Cloverdale,7.5,"1,079","14,372"
Victoria Park - Lathlain - Burswood,3.8,397,"10,515"
Bentley - Wilson - St James,6.7,767,"11,423"
Canning Vale - West,2.5,170,"6,876"
Cannington - Queens Park,6.5,697,"10,690"
Parkwood - Ferndale - Lynwood,5.2,440,"8,407"
Riverton - Shelley - Rossmoyne,2.6,210,"7,960"
Willetton,2.5,281,"11,174"
Beckenham - Kenwick - Langford,9.5,"1,029","10,797"
Canning Vale - East,3.0,400,"13,509"
Gosnells,12.4,"1,436","11,574"
Huntingdale - Southern River,5.8,601,"10,416"
Maddington - Orange Grove - Martin,11.2,805,"7,195"
Thornlie,6.9,965,"14,063"
Forrestfield - Wattle Grove,5.7,606,"10,618"
High Wycombe,5.2,396,"7,671"
Kalamunda - Maida Vale - Gooseberry Hill,2.9,254,"8,760"
Lesmurdie - Bickley - Carmel,2.9,191,"6,584"
Byford,6.6,462,"7,012"
Mundijong,3.9,145,"3,705"
Serpentine - Jarrahdale,4.6,100,"2,174"
Como,3.7,346,"9,457"
Manning - Waterford,3.9,250,"6,398"
South Perth - Kensington,2.5,280,"11,278"
Banjup,3.8,389,"10,327"
Beeliar,6.2,263,"4,262"
Coogee,3.9,192,"4,891"
Coolbellup,9.6,433,"4,510"
Hamilton Hill,12.4,704,"5,698"
Jandakot,3.1,55,"1,788"
North Coogee,2.4,26,"1,067"
South Lake - Cockburn Central,8.0,598,"7,455"
Spearwood,10.2,519,"5,096"
Success - Hammond Park,4.5,377,"8,307"
Wattleup,8.4,31,370
Yangebup,8.6,408,"4,756"
East Fremantle,3.3,141,"4,268"
Fremantle,7.7,698,"9,065"
Fremantle - South,7.4,594,"7,999"
Anketell - Wandi,6.2,65,"1,043"
Bertram - Wellard (West),7.9,537,"6,801"
Calista,18.2,718,"3,950"
Casuarina - Wellard (East),14.2,124,875
Parmelia - Orelia,18.8,"1,094","5,827"
Applecross - Ardross,2.0,128,"6,473"
Bateman,2.9,66,"2,271"
Bicton - Palmyra,4.1,328,"8,050"
Booragoon,3.0,246,"8,313"
Bull Creek,2.7,118,"4,306"
Leeming,2.6,185,"7,198"
Melville,2.4,220,"9,032"
Murdoch - Kardinya,4.2,308,"7,381"
Willagee,11.4,289,"2,528"
Winthrop,1.6,59,"3,664"
Baldivis,5.9,932,"15,783"
Cooloongup,17.4,785,"4,518"
Port Kennedy,7.8,623,"8,006"
Rockingham,13.7,"1,102","8,015"
Safety Bay - Shoalwater,9.1,537,"5,897"
Singleton - Golden Bay - Secret Harbour,5.7,612,"10,728"
Waikiki,9.0,633,"7,059"
Warnbro,12.2,782,"6,425"
Esperance,3.8,269,"7,132"
Esperance Region,2.3,60,"2,653"
Carnarvon,8.2,269,"3,266"
Exmouth,3.5,92,"2,661"
Boulder,5.1,261,"5,081"
Kalgoorlie,3.5,348,"10,014"
Kalgoorlie - North,2.1,133,"6,424"
Kambalda - Coolgardie - Norseman,4.9,168,"3,442"
Leinster - Leonora,12.7,470,"3,688"
Broome,5.5,519,"9,386"
Derby - West Kimberley,21.5,778,"3,613"
Halls Creek,27.6,435,"1,575"
Kununurra,7.0,381,"5,455"
Roebuck,17.1,186,"1,090"
Geraldton,7.9,552,"6,982"
Geraldton - East,8.2,370,"4,492"
Geraldton - North,3.7,167,"4,574"
Geraldton - South,3.0,192,"6,426"
Irwin,3.7,73,"1,968"
Meekatharra,8.2,242,"2,934"
Morawa,3.4,96,"2,855"
Northampton - Mullewa - Greenough,4.7,157,"3,320"
Ashburton (WA),1.1,101,"9,310"
East Pilbara,3.5,248,"7,069"
Karratha,1.5,217,"14,293"
Newman,2.7,113,"4,162"
Port Hedland,1.2,45,"3,751"
Roebourne,1.6,85,"5,355"
South Hedland,4.4,313,"7,054"
Albany,8.4,536,"6,409"
Albany Region,4.5,72,"1,616"
Bayonet Head - Lower King,5.8,122,"2,091"
Denmark,6.9,174,"2,535"
Gnowangerup,4.9,74,"1,498"
Katanning,11.7,245,"2,102"
Kojonup,6.4,119,"1,860"
Little Grove - Elleker,4.2,66,"1,566"
McKail - Willyung,8.3,397,"4,775"
Plantagenet,9.0,216,"2,395"
Chittering,3.5,88,"2,546"
Cunderdin,12.1,200,"1,651"
Dowerin,8.1,147,"1,813"
Gingin - Dandaragan,5.4,211,"3,883"
Merredin,7.4,177,"2,408"
Moora,6.2,151,"2,429"
Mukinbudin,5.8,106,"1,833"
Northam,12.6,655,"5,218"
Toodyay,7.6,159,"2,083"
York - Beverley,7.5,160,"2,135"
Brookton,10.2,173,"1,703"
Kulin,3.7,90,"2,454"
Murray,3.7,72,"1,962"
Narrogin,10.3,219,"2,134"
Wagin,4.7,112,"2,406"
Bridgewater - Gagebrook,21.7,556,"2,563"
Brighton - Pontville,5.0,133,"2,660"
Old Beach - Otago,2.4,56,"2,308"
Bellerive - Rosny,4.0,122,"3,088"
Cambridge,2.0,84,"4,232"
Geilston Bay - Risdon,2.5,44,"1,787"
Howrah - Tranmere,2.6,134,"5,127"
Lindisfarne - Rose Bay,3.0,104,"3,432"
Mornington - Warrane,10.8,229,"2,121"
Risdon Vale,13.4,138,"1,030"
Rokeby,15.1,370,"2,451"
South Arm,2.8,66,"2,316"
Austins Ferry - Granton,5.3,109,"2,055"
Berriedale - Chigwell,8.8,225,"2,568"
Claremont (Tas.),8.2,296,"3,600"
Derwent Park - Lutana,9.9,198,"1,993"
Glenorchy,12.3,581,"4,710"
Montrose - Rosetta,6.7,148,"2,225"
Moonah,11.8,299,"2,532"
New Norfolk,9.6,269,"2,798"
West Moonah,8.8,173,"1,971"
Kingston - Huntingfield,4.4,245,"5,578"
Kingston Beach - Blackmans Bay,3.3,179,"5,355"
Margate - Snug,2.8,107,"3,852"
Taroona - Bonnet Hill,2.6,47,"1,812"
Hobart,6.8,325,"4,745"
Lenah Valley - Mount Stuart,3.3,155,"4,659"
Mount Nelson - Dynnyrne,3.1,78,"2,497"
New Town,5.7,171,"3,019"
Sandy Bay,2.3,139,"6,054"
South Hobart - Fern Tree,4.1,138,"3,328"
West Hobart,3.9,140,"3,564"
Dodges Ferry - Lewisham,6.7,253,"3,752"
Sorell - Richmond,4.8,194,"4,061"
Invermay,15.1,243,"1,612"
Kings Meadows - Punchbowl,8.9,165,"1,858"
Launceston,9.4,304,"3,222"
Legana,2.8,57,"2,071"
Mowbray,14.2,247,"1,734"
Newnham - Mayfield,13.6,532,"3,926"
Newstead,5.1,128,"2,489"
Norwood (Tas.),3.1,61,"1,987"
Prospect Vale - Blackstone,3.2,112,"3,541"
Ravenswood,23.4,345,"1,476"
Riverside,4.0,137,"3,389"
South Launceston,8.1,220,"2,708"
Summerhill - Prospect,5.6,142,"2,537"
Trevallyn,3.9,107,"2,729"
Waverley - St Leonards,8.6,146,"1,702"
West Launceston,4.5,107,"2,352"
Youngtown - Relbia,3.9,100,"2,577"
Beauty Point - Beaconsfield,11.2,185,"1,656"
Deloraine,6.5,164,"2,508"
Grindelwald - Lanena,4.4,126,"2,859"
Hadspen - Carrick,3.3,63,"1,898"
Westbury,5.6,112,"2,009"
Dilston - Lilydale,4.7,100,"2,138"
George Town,11.8,339,"2,883"
Longford,6.6,122,"1,835"
Northern Midlands,6.8,119,"1,739"
Perth - Evandale,3.3,84,"2,579"
Scottsdale - Bridport,6.5,242,"3,736"
St Helens - Scamander,10.5,262,"2,492"
Central Highlands,8.3,86,"1,038"
Derwent Valley,7.3,120,"1,646"
Southern Midlands,5.1,160,"3,145"
Bruny Island - Kettering,3.5,50,"1,424"
Cygnet,9.0,172,"1,910"
Geeveston - Dover,8.7,141,"1,629"
Huonville - Franklin,6.8,297,"4,371"
Forestier - Tasman,6.3,67,"1,064"
Triabunna - Bicheno,5.0,105,"2,110"
Acton - Upper Burnie,10.3,161,"1,562"
Burnie - Ulverstone Region,3.1,91,"2,896"
Burnie - Wivenhoe,11.0,217,"1,969"
Parklands - Camdale,6.4,192,"2,986"
Penguin - Sulphur Creek,4.1,106,"2,572"
Romaine - Havenview,5.3,103,"1,930"
Somerset,5.5,105,"1,908"
Ulverstone,5.9,190,"3,204"
West Ulverstone,7.1,140,"1,985"
Wynyard,5.5,157,"2,854"
Devonport,8.2,553,"6,719"
East Devonport,10.4,217,"2,085"
Latrobe,4.6,106,"2,283"
Miandetta - Don,3.7,69,"1,855"
Port Sorell,3.6,102,"2,839"
Quoiba - Spreyton,3.9,63,"1,606"
Sheffield - Railton,5.4,168,"3,091"
Turners Beach - Forth,3.2,58,"1,794"
King Island,1.6,15,952
North West,2.8,65,"2,288"
Smithton,5.4,111,"2,044"
Waratah,4.0,83,"2,083"
West Coast (Tas.),7.4,173,"2,327"
Darwin City,3.7,165,"4,476"
Fannie Bay - The Gardens,1.1,25,"2,218"
Larrakeyah,1.5,40,"2,677"
Ludmilla - The Narrows,5.6,93,"1,675"
Parap,2.4,39,"1,602"
Stuart Park,2.3,69,"2,984"
Woolner - Bayview - Winnellie,1.1,23,"2,131"
Alawa,4.3,58,"1,338"
Anula,3.1,45,"1,452"
Berrimah,13.6,94,689
Brinkin - Nakara,4.1,92,"2,220"
Coconut Grove,5.3,96,"1,795"
Jingili,3.2,37,"1,154"
Karama,5.1,150,"2,956"
Leanyer,2.2,67,"3,106"
Lyons (NT),1.3,21,"1,639"
Malak - Marrara,4.8,143,"2,968"
Millner,4.4,75,"1,687"
Moil,3.9,48,"1,244"
Nightcliff,2.7,72,"2,716"
Rapid Creek,3.1,70,"2,265"
Tiwi,3.8,54,"1,421"
Wagaman,3.3,43,"1,299"
Wanguri,3.9,46,"1,178"
Wulagi,2.7,43,"1,598"
Howard Springs,1.3,50,"3,853"
Humpty Doo,2.3,120,"5,169"
Virginia,1.8,41,"2,304"
Weddell,4.1,109,"2,654"
Bakewell,2.1,49,"2,306"
Driver,4.3,81,"1,877"
Durack - Marlow Lagoon,1.5,39,"2,561"
Gray,8.9,178,"1,998"
Moulden,10.4,180,"1,738"
Palmerston - North,2.1,63,"3,025"
Palmerston - South,4.3,35,818
Rosebery - Bellamack,1.9,66,"3,385"
Woodroffe,4.8,97,"2,024"
Charles,2.7,87,"3,186"
East Side,1.7,74,"4,280"
Flynn (NT),1.2,42,"3,619"
Larapinta,1.0,43,"4,171"
Mount Johns,0.8,24,"3,195"
Petermann - Simpson,3.2,57,"1,758"
Ross,1.7,27,"1,617"
Sandover - Plenty,11.4,152,"1,338"
Tanami,7.9,144,"1,819"
Yuendumu - Anmatjere,12.7,115,905
Barkly,9.0,113,"1,259"
Tennant Creek,3.1,68,"2,166"
Alligator,2.1,70,"3,386"
Daly,5.6,66,"1,185"
Thamarrurr,11.5,95,827
Tiwi Islands,8.5,112,"1,320"
West Arnhem,8.9,222,"2,494"
Anindilyakwa,3.4,63,"1,834"
East Arnhem,8.2,266,"3,240"
Nhulunbuy,1.1,16,"1,507"
Elsey,6.7,72,"1,072"
Gulf,6.8,169,"2,485"
Katherine,1.8,135,"7,412"
Victoria River,6.1,79,"1,300"
Aranda,2.6,32,"1,244"
Belconnen,5.5,206,"3,762"
Bruce,2.6,121,"4,698"
Charnwood,10.4,167,"1,603"
Cook,2.9,44,"1,542"
Dunlop,3.5,144,"4,156"
Evatt,3.5,109,"3,084"
Florey,5.8,167,"2,869"
Flynn (ACT),3.8,77,"2,002"
Fraser,3.2,37,"1,154"
Giralang,2.7,50,"1,876"
Hawker,4.5,67,"1,501"
Higgins,4.8,75,"1,551"
Holt,7.0,176,"2,527"
Kaleen,3.5,152,"4,283"
Latham,5.2,101,"1,928"
Macgregor (ACT),4.0,147,"3,679"
Macquarie,5.5,79,"1,430"
McKellar,3.8,60,"1,562"
Melba,4.5,75,"1,682"
Page,6.3,89,"1,402"
Scullin,7.3,109,"1,489"
Spence,5.8,85,"1,456"
Weetangera,1.5,21,"1,360"
ACT - South West,1.8,42,"2,315"
ACT - East,15.2,76,500
Hume,0.6,1,158
Majura,1.9,3,157
Amaroo,2.9,97,"3,324"
Bonner,3.7,108,"2,936"
Casey,2.7,70,"2,592"
Crace,1.6,38,"2,331"
Forde,2.1,48,"2,326"
Franklin,3.2,117,"3,666"
Gungahlin,4.1,148,"3,575"
Hall,0.5,1,213
Harrison,2.0,96,"4,789"
Ngunnawal,4.2,246,"5,829"
Nicholls,1.8,71,"3,932"
Palmerston,4.1,140,"3,414"
Acton,2.5,25,993
Ainslie,4.4,125,"2,867"
Braddon,3.4,131,"3,854"
Campbell,1.4,47,"3,479"
Civic,4.9,109,"2,241"
Dickson,6.1,76,"1,249"
Downer,5.1,101,"1,991"
Hackett,3.1,47,"1,525"
Lyneham,5.3,151,"2,831"
O'Connor (ACT),3.3,105,"3,196"
Reid,6.7,66,990
Turner,3.8,105,"2,737"
Watson,4.3,146,"3,409"
Deakin,2.0,28,"1,369"
Forrest,0.3,3,989
Griffith (ACT),3.1,80,"2,572"
Kingston - Barton,1.3,50,"3,893"
Narrabundah,5.1,163,"3,211"
Red Hill (ACT),3.1,50,"1,607"
Yarralumla,1.4,21,"1,469"
Banks,3.4,98,"2,902"
Bonython,4.8,112,"2,322"
Calwell,2.9,102,"3,511"
Chisholm,4.3,130,"3,033"
Conder,2.8,86,"3,121"
Fadden,1.0,18,"1,852"
Gilmore,4.7,77,"1,639"
Gordon (ACT),4.1,190,"4,670"
Gowrie (ACT),3.6,62,"1,708"
Greenway,4.2,45,"1,060"
Isabella Plains,3.6,90,"2,531"
Kambah,4.7,393,"8,448"
Macarthur,1.4,13,931
Monash,2.5,77,"3,121"
Oxley (ACT),5.5,58,"1,060"
Richardson,5.4,94,"1,726"
Theodore,4.2,99,"2,352"
Wanniassa,4.6,195,"4,268"
Chapman,0.8,11,"1,438"
Duffy,3.4,57,"1,667"
Fisher,2.8,43,"1,540"
Holder,2.5,36,"1,419"
Rivett,4.3,70,"1,610"
Stirling,4.2,44,"1,043"
Waramanga,4.6,58,"1,269"
Weston,2.9,47,"1,632"
Chifley,3.9,55,"1,407"
Curtin,2.0,57,"2,819"
Farrer,2.0,36,"1,785"
Garran,1.3,23,"1,803"
Hughes,3.1,44,"1,435"
Isaacs,2.5,30,"1,187"
Lyons (ACT),5.9,95,"1,597"
Mawson,2.8,50,"1,797"
O'Malley,0.7,3,457
Pearce,1.8,24,"1,316"
Phillip,5.6,87,"1,555"
Torrens,3.3,38,"1,157"
,,,
,,,
,,,
,,,
,,,
,,,
,,,
,,,
,,,
,,,
,,,
,,,
,,,
,,,
,,,
,,,
,,,
,,,
,,,
,,,
,,,
,,,
,,,
,,,
,,,
,,,
,,,
,,,
,,,
,,,
,,,
,,,
,,,
,,,
,,,
,,,
,,,
,,,
,,,
,,,
,,,
,,,
,,,
,,,
,,,
,,,
,,,
,,,
,,,
,,,
,,,
,,,
,,,
,,,
,,,
,,,
,,,
,,,
,,,
,,,
,,,
,,,
,,,
,,,
,,,
,,,
,,,
,,,
,,,
,,,
,,,
,,,
,,,
,,,
,,,
,,,
,,,
,,,
,,,
,,,
,,,
,,,
,,,
,,,
,,,
,,,
,,,
,,,
,,,
,,,
,,,
,,,
,,,
,,,
,,,
,,,
,,,
,,,
,,,
,,,
,,,
,,,
,,,
,,,
,,,
,,,
,,,
,,,
,,,
,,,
,,,
,,,
,,,
,,,
,,,
,,,
,,,
,,,
,,,
,,,
,,,
,,,
,,,
,,,
,,,
,,,
,,,
,,,
,,,
,,,
,,,
,,,
,,,
,,,
,,,
,,,
,,,
,,,
,,,
,,,
,,,
,,,
,,,
,,,
,,,
,,,
,,,
,,,
,,,
,,,
,,,
,,,
,,,
,,,
,,,
,,,
,,,
,,,
,,,
,,,
,,,
,,,
,,,
,,,
,,,
,,,
,,,
,,,
,,,
,,,
,,,
,,,
,,,
,,,
,,,
,,,
,,,
,,,
,,,
,,,
,,,
,,,
,,,
,,,
,,,
,,,
,,,
,,,
,,,
,,,
,,,
,,,
,,,
,,,
,,,
,,,
,,,
,,,
,,,
,,,
,,,
,,,
,,,
,,,
,,,
,,,
,,,
,,,
,,,
,,,
,,,
,,,
,,,
,,,
,,,
,,,
,,,
,,,
,,,
,,,
,,,
,,,
,,,
,,,
,,,
,,,
,,,
,,,
,,,
,,,
,,,
,,,
,,,
,,,
,,,
,,,
,,,
,,,
,,,
,,,
,,,
,,,
,,,
,,,
,,,
,,,
,,,
,,,
,,,
,,,
,,,
,,,
,,,
,,,
,,,
,,,
,,,
,,,
,,,
,,,
,,,
,,,
,,,
,,,
,,,
,,,
,,,
,,,
,,,
,,,
,,,
,,,
,,,
,,,
,,,
,,,
,,,
,,,
,,,
,,,
,,,
,,,
,,,
,,,
,,,
,,,
,,,
,,,
,,,
,,,
,,,
,,,
,,,
,,,
,,,
,,,
,,,
,,,
,,,
,,,
,,,
,,,
,,,
,,,
,,,
,,,
,,,
,,,
,,,
,,,
,,,
,,,
,,,
,,,
,,,
,,,
,,,
,,,
,,,
,,,
,,,
,,,
,,,
,,,
,,,
,,,
,,,
,,,
,,,
,,,
,,,
,,,
,,,
,,,
,,,
,,,
,,,
,,,
,,,
,,,
,,,
,,,
,,,
,,,
,,,
,,,
,,,
,,,
,,,
,,,
,,,
,,,
,,,
,,,
,,,
,,,
,,,
,,,
,,,
,,,
,,,
,,,
,,,
,,,
,,,
,,,
,,,
,,,
,,,
,,,
,,,
,,,
,,,
,,,
,,,
,,,
,,,
,,,
,,,
,,,
,,,
,,,
,,,
,,,
,,,
,,,
,,,
,,,
,,,
,,,
,,,
,,,
,,,
,,,
,,,
,,,
,,,
,,,
,,,
,,,
,,,
,,,
,,,
,,,
,,,
,,,
,,,
,,,
,,,
,,,
,,,
,,,
,,,
,,,
,,,
,,,
,,,
,,,
,,,
,,,
,,,
,,,
,,,
,,,
,,,
,,,
,,,
,,,
,,,
,,,
,,,
,,,
,,,
,,,
,,,
,,,
,,,
,,,
,,,
,,,
,,,
,,,
,,,
,,,
,,,
,,,
,,,
,,,
,,,
,,,
,,,
,,,
,,,
,,,
,,,
,,,
,,,
,,,
,,,
,,,
,,,
,,,
,,,
,,,
,,,
,,,
,,,
,,,
,,,
,,,
,,,
,,,
,,,
,,,
,,,
,,,
,,,
,,,
,,,
,,,
,,,
,,,
,,,
,,,
,,,
,,,
,,,
,,,
,,,
,,,
,,,
,,,
,,,
,,,
,,,
,,,
,,,
,,,
,,,
,,,
,,,
,,,
,,,
,,,
,,,
,,,
,,,
,,,
,,,
,,,
,,,
,,,
,,,
,,,
,,,
,,,
,,,
,,,
,,,
,,,
,,,
,,,
,,,
,,,
,,,
,,,
,,,
,,,
,,,
,,,
,,,
,,,
,,,
,,,
,,,
,,,
,,,
,,,
,,,
,,,
,,,
,,,
,,,
,,,
,,,
,,,
,,,
,,,
,,,
,,,
,,,
,,,
,,,
,,,
,,,
,,,
,,,
,,,
,,,
,,,
,,,
,,,
,,,
,,,
,,,
,,,
,,,
,,,
,,,
,,,
,,,
,,,
,,,
,,,
,,,
,,,
,,,
,,,
,,,
,,,
,,,
,,,
,,,
,,,
,,,
,,,
,,,
,,,
,,,
,,,
,,,
,,,
,,,
,,,
,,,
,,,
,,,
,,,
,,,
,,,
,,,
,,,
,,,
,,,
,,,
,,,
,,,
,,,
,,,
,,,
,,,
,,,
,,,
,,,
,,,
,,,
,,,
,,,
,,,
,,,
,,,
,,,
,,,
,,,
,,,
,,,
,,,
,,,
,,,
,,,
,,,
,,,
,,,
,,,
,,,
,,,
,,,
,,,
,,,
,,,
,,,
,,,
,,,
,,,
,,,
,,,
,,,
,,,
,,,
,,,
,,,
,,,
,,,
,,,
,,,
,,,
,,,
,,,
,,,
,,,
,,,
,,,
,,,
,,,
,,,
,,,
,,,
,,,
,,,
,,,
,,,
,,,
,,,
,,,
,,,
,,,
,,,
,,,
,,,
,,,
,,,
,,,
,,,
,,,
,,,
,,,
,,,
,,,
,,,
,,,
,,,
,,,
,,,
,,,
,,,
,,,
,,,
,,,
,,,
,,,
,,,
,,,
,,,
,,,
,,,
,,,
,,,
,,,
,,,
,,,
,,,
,,,
,,,
,,,
,,,
,,,
,,,
,,,
,,,
,,,
,,,
,,,
,,,
,,,
,,,
,,,
,,,
,,,
,,,
,,,
,,,
,,,
,,,
,,,
,,,
,,,
,,,
,,,
,,,
,,,
,,,
,,,
,,,
,,,
,,,
,,,
,,,
,,,
,,,
,,,
,,,
,,,
,,,
,,,
,,,
,,,
,,,
,,,
,,,
,,,
,,,
,,,
,,,
,,,
,,,
,,,
,,,
,,,
,,,
,,,
,,,
,,,
,,,
,,,
,,,
,,,
,,,
,,,
,,,
,,,
,,,
,,,
,,,
,,,
,,,
,,,
,,,
,,,
,,,
,,,
,,,
,,,
,,,
,,,
,,,
,,,
,,,
,,,
,,,
,,,
,,,
,,,
,,,
,,,
,,,
,,,
,,,
,,,
,,,
,,,
,,,
,,,
,,,
,,,
,,,
,,,
,,,
,,,
,,,
,,,
,,,
,,,
,,,
,,,
,,,
,,,
,,,
,,,
,,,
,,,
,,,
,,,
,,,
,,,
,,,
,,,
,,,
,,,
,,,
,,,
,,,
,,,
,,,
,,,
,,,
,,,
,,,
,,,
,,,
,,,
,,,
,,,
,,,
,,,
,,,
,,,
,,,
,,,
,,,
,,,
,,,
,,,
,,,
,,,
,,,
,,,
,,,
,,,
,,,
,,,
,,,
,,,
,,,
,,,
,,,
,,,
,,,
,,,
,,,
,,,
,,,
,,,
,,,
,,,
,,,
,,,
,,,
,,,
,,,
,,,
,,,
,,,
,,,
,,,
,,,
,,,
,,,
,,,
,,,
,,,
,,,
,,,
,,,
,,,
,,,
,,,
,,,
,,,
,,,
,,,
,,,
,,,
,,,
,,,
,,,
,,,
,,,
,,,
,,,
,,,
,,,
,,,
,,,
,,,
,,,
,,,
,,,
,,,
,,,
,,,
,,,
,,,
,,,
,,,
,,,
,,,
,,,
,,,
,,,
,,,
,,,
,,,
,,,
,,,
,,,
,,,
,,,
,,,
,,,
,,,
,,,
,,,
,,,
,,,
,,,
,,,
,,,
,,,
,,,
,,,
,,,
,,,
,,,
,,,
,,,
,,,
,,,
,,,
,,,
,,,
,,,
,,,
,,,
,,,
,,,
,,,
,,,
,,,
,,,
,,,
,,,
,,,
,,,
,,,
,,,
,,,
,,,
,,,
,,,
,,,
,,,
,,,
,,,
,,,
,,,
,,,
,,,
,,,
,,,
,,,
,,,
,,,
,,,
,,,
,,,
,,,
,,,
,,,
,,,
,,,
,,,
,,,
,,,
,,,
,,,
,,,
,,,
,,,
,,,
,,,
,,,
,,,
,,,
,,,
,,,
,,,
,,,
,,,
,,,
,,,
,,,
,,,
,,,
,,,
,,,
,,,
,,,
,,,
,,,
,,,
,,,
,,,
,,,
,,,
,,,
,,,
,,,
,,,
,,,
,,,
,,,
,,,
,,,
,,,
,,,
,,,
,,,
,,,
,,,
,,,
,,,
,,,
,,,
,,,
,,,
,,,
,,,
,,,
,,,
,,,
,,,
,,,
,,,
,,,
,,,
,,,
,,,
,,,
,,,
,,,
,,,
,,,
,,,
,,,
,,,
,,,
,,,
,,,
,,,
,,,
,,,
,,,
,,,
,,,
,,,
,,,
,,,
,,,
,,,
,,,
,,,
,,,
,,,
,,,
,,,
,,,
,,,
,,,
,,,
,,,
,,,
,,,
,,,
,,,
,,,
,,,
,,,
,,,
,,,
,,,
,,,
,,,
,,,
,,,
,,,
,,,
,,,
,,,
,,,
,,,
,,,
,,,
,,,
,,,
,,,
,,,
,,,
,,,
,,,
,,,
,,,
,,,
,,,
,,,
,,,
,,,
,,,
,,,
,,,
,,,
,,,
,,,
,,,
,,,
,,,
,,,
,,,
,,,
,,,
,,,
,,,
,,,
,,,
,,,
,,,
,,,
,,,
,,,
,,,
,,,
,,,
,,,
,,,
,,,
,,,
,,,
,,,
,,,
,,,
,,,
,,,
,,,
,,,
,,,
,,,
,,,
,,,
,,,
,,,
,,,
,,,
,,,
,,,
,,,
,,,
,,,
,,,
,,,
,,,
,,,
,,,
,,,
,,,
,,,
,,,
,,,
,,,
,,,
,,,
,,,
,,,
,,,
,,,
,,,
,,,
,,,
,,,
,,,
,,,
,,,
,,,
,,,
,,,
,,,
,,,
,,,
,,,
,,,
,,,
,,,
,,,
,,,
,,,
,,,
,,,
,,,
,,,
,,,
,,,
,,,
,,,
,,,
,,,
,,,
,,,
,,,
,,,
,,,
,,,
,,,
,,,
,,,
,,,
,,,
,,,
,,,
,,,
,,,
,,,
,,,
,,,
,,,
,,,
,,,
,,,
,,,
,,,
,,,
,,,
,,,
,,,
,,,
,,,
,,,
,,,
,,,
,,,
,,,
,,,
,,,
,,,
,,,
,,,
,,,
,,,
,,,
,,,
,,,
,,,
,,,
,,,
,,,
,,,
,,,
,,,
,,,
,,,
,,,
,,,
,,,
,,,
,,,
,,,
,,,
,,,
,,,
,,,
,,,
,,,
,,,
,,,
,,,
,,,
,,,
,,,
,,,
,,,
,,,
,,,
,,,
,,,
,,,
,,,
,,,
,,,
,,,
,,,
,,,
,,,
,,,
,,,
,,,
,,,
,,,
,,,
,,,
,,,
,,,
,,,
,,,
,,,
,,,
,,,
,,,
,,,
,,,
,,,
,,,
,,,
,,,
,,,
,,,
,,,
,,,
,,,
,,,
,,,
,,,
,,,
,,,
,,,
,,,
,,,
,,,
,,,
,,,
,,,
,,,
,,,
,,,
,,,
,,,
,,,
,,,
,,,
,,,
,,,
,,,
,,,
,,,
,,,
,,,
,,,
,,,
,,,
,,,
,,,
,,,
,,,
,,,
,,,
,,,
,,,
,,,
,,,
,,,
,,,
,,,
,,,
,,,
,,,
,,,
,,,
,,,
,,,
,,,
,,,
,,,
,,,
,,,
,,,
,,,
,,,
,,,
,,,
,,,
,,,
,,,
,,,
,,,
,,,
,,,
,,,
,,,
,,,
,,,
,,,
,,,
,,,
,,,
,,,
,,,
,,,
,,,
,,,
,,,
,,,
,,,
,,,
,,,
,,,
,,,
,,,
,,,
,,,
,,,
,,,
,,,
,,,
,,,
,,,
,,,
,,,
,,,
,,,
,,,
,,,
,,,
,,,
,,,
,,,
,,,
,,,
,,,
,,,
,,,
,,,
,,,
,,,
,,,
,,,
,,,
,,,
,,,
,,,
,,,
,,,
,,,
,,,
,,,
,,,
,,,
,,,
,,,
,,,
,,,
,,,
,,,
,,,
,,,
,,,
,,,
,,,
,,,
,,,
,,,
,,,
,,,
,,,
,,,
,,,
,,,
,,,
,,,
,,,
,,,
,,,
,,,
,,,
,,,
,,,
,,,
,,,
,,,
,,,
,,,
,,,
,,,
,,,
,,,
,,,
,,,
,,,
,,,
,,,
,,,
,,,
,,,
,,,
,,,
,,,
,,,
,,,
,,,
,,,
,,,
,,,
,,,
,,,
,,,
,,,
,,,
,,,
,,,
,,,
,,,
,,,
,,,
,,,
,,,
,,,
,,,
,,,
,,,
,,,
,,,
,,,
,,,
,,,
,,,
,,,
,,,
,,,
,,,
,,,
,,,
,,,
,,,
,,,
,,,
,,,
,,,
,,,
,,,
,,,
,,,
,,,
,,,
,,,
,,,
,,,
,,,
,,,
,,,
,,,
,,,
,,,
,,,
,,,
,,,
,,,
,,,
,,,
,,,
,,,
,,,
,,,
,,,
,,,
,,,
,,,
,,,
,,,
,,,
,,,
,,,
,,,
,,,
,,,
,,,
,,,
,,,
,,,
,,,
,,,
,,,
,,,
,,,
,,,
,,,
,,,
,,,
,,,
,,,
,,,
,,,
,,,
,,,
,,,
,,,
,,,
,,,
,,,
,,,
,,,
,,,
,,,
,,,
,,,
,,,
,,,
,,,
,,,
,,,
,,,
,,,
,,,
,,,
,,,
,,,
,,,
,,,
,,,
,,,
,,,
,,,
,,,
,,,
,,,
,,,
,,,
,,,
,,,
,,,
,,,
,,,
,,,
,,,
,,,
,,,
,,,
,,,
,,,
,,,
,,,
,,,
,,,
,,,
,,,
,,,
,,,
,,,
,,,
,,,
,,,
,,,
,,,
,,,
,,,
,,,
,,,
,,,
,,,
,,,
,,,
,,,
,,,
,,,
,,,
,,,
,,,
,,,
,,,
,,,
,,,
,,,
,,,
,,,
,,,
,,,
,,,
,,,
,,,
,,,
,,,
,,,
,,,
,,,
,,,
,,,
,,,
,,,
,,,
,,,
,,,
,,,
,,,
,,,
,,,
,,,
,,,
,,,
,,,
,,,
,,,
,,,
,,,
,,,
,,,
,,,
,,,
,,,
,,,
,,,
,,,
,,,
,,,
,,,
,,,
,,,
,,,
,,,
,,,
,,,
,,,
,,,
,,,
,,,
,,,
,,,
,,,
,,,
,,,
,,,
,,,
,,,
,,,
,,,
,,,
,,,
,,,
,,,
,,,
,,,
,,,
,,,
,,,
,,,
,,,
,,,
,,,
,,,
,,,
,,,
,,,
,,,
,,,
,,,
,,,
,,,
,,,
,,,
,,,
,,,
,,,
,,,
,,,
,,,
,,,
,,,
,,,
,,,
,,,
,,,
,,,
,,,
,,,
,,,
,,,
,,,
,,,
,,,
,,,
,,,
,,,
,,,
,,,
,,,
,,,
,,,
,,,
,,,
,,,
,,,
,,,
,,,
,,,
,,,
,,,
,,,
,,,
,,,
,,,
,,,
,,,
,,,
,,,
,,,
,,,
,,,
,,,
,,,
,,,
,,,
,,,
,,,
,,,
,,,
,,,
,,,
,,,
,,,
,,,
,,,
,,,
,,,
,,,
,,,
,,,
,,,
,,,
,,,
,,,
,,,
,,,
,,,
,,,
,,,
,,,
,,,
,,,
,,,
,,,
,,,
,,,
,,,
,,,
,,,
,,,
,,,
,,,
,,,
,,,
,,,
,,,
,,,
,,,
,,,
,,,
,,,
,,,
,,,
,,,
,,,
,,,
,,,
,,,
,,,
,,,
,,,
,,,
,,,
,,,
,,,
,,,
,,,
,,,
,,,
,,,
,,,
,,,
,,,
,,,
,,,
,,,
,,,
,,,
,,,
,,,
,,,
,,,
,,,
,,,
,,,
,,,
,,,
,,,
,,,
,,,
,,,
,,,
,,,
,,,
,,,
,,,
,,,
,,,
,,,
,,,
,,,
,,,
,,,
,,,
,,,
,,,
,,,
,,,
,,,
,,,
,,,
,,,
,,,
,,,
,,,
,,,
,,,
,,,
,,,
,,,
,,,
,,,
,,,
,,,
,,,
,,,
,,,
,,,
,,,
,,,
,,,
,,,
,,,
,,,
,,,
,,,
,,,
,,,
,,,
,,,
,,,
,,,
,,,
,,,
,,,
,,,
,,,
,,,
,,,
,,,
,,,
,,,
,,,
,,,
,,,
,,,
,,,
,,,
,,,
,,,
,,,
,,,
,,,
,,,
,,,
,,,
,,,
,,,
,,,
,,,
,,,
,,,
,,,
,,,
,,,
,,,
,,,
,,,
,,,
,,,
,,,
,,,
,,,
,,,
,,,
,,,
,,,
,,,
,,,
,,,
,,,
,,,
,,,
,,,
,,,
,,,
,,,
,,,
,,,
,,,
,,,
,,,
,,,
,,,
,,,
,,,
,,,
,,,
,,,
,,,
,,,
,,,
,,,
,,,
,,,
,,,
,,,
,,,
,,,
,,,
,,,
,,,
,,,
,,,
,,,
,,,
,,,
,,,
,,,
,,,
,,,
,,,
,,,
,,,
,,,
,,,
,,,
,,,
,,,
,,,
,,,
,,,
,,,
,,,
,,,
,,,
,,,
,,,
,,,
,,,
,,,
,,,
,,,
,,,
,,,
,,,
,,,
,,,
,,,
,,,
,,,
,,,
,,,
,,,
,,,
,,,
,,,
,,,
,,,
,,,
,,,
,,,
,,,
,,,
,,,
,,,
,,,
,,,
,,,
,,,
,,,
,,,
,,,
,,,
,,,
,,,
,,,
,,,
,,,
,,,
,,,
,,,
,,,
,,,
,,,
,,,
,,,
,,,
,,,
,,,
,,,
,,,
,,,
,,,
,,,
,,,
,,,
,,,
,,,
,,,
,,,
,,,
,,,
,,,
,,,
,,,
,,,
,,,
,,,
,,,
,,,
,,,
,,,
,,,
,,,
,,,
,,,
,,,
,,,
,,,
,,,
,,,
,,,
,,,
,,,
,,,
,,,
,,,
,,,
,,,
,,,
,,,
,,,
,,,
,,,
,,,
,,,
,,,
,,,
,,,
,,,
,,,
,,,
,,,
,,,
,,,
,,,
,,,
,,,
,,,
,,,
,,,
,,,
,,,
,,,
,,,
,,,
,,,
,,,
,,,
,,,
,,,
,,,
,,,
,,,
,,,
,,,
,,,
,,,
,,,
,,,
,,,
,,,
,,,
,,,
,,,
,,,
,,,
,,,
,,,
,,,
,,,
,,,
,,,
,,,
,,,
,,,
,,,
,,,
,,,
,,,
,,,
,,,
,,,
,,,
,,,
,,,
,,,
,,,
,,,
,,,
,,,
,,,
,,,
,,,
,,,
,,,
,,,
,,,
,,,
,,,
,,,
,,,
,,,
,,,
,,,
,,,
,,,
,,,
,,,
,,,
,,,
,,,
,,,
,,,
,,,
,,,
,,,
,,,
,,,
,,,
,,,
,,,
,,,
,,,
,,,
,,,
,,,
,,,
,,,
,,,
,,,
,,,
,,,
,,,
,,,
,,,
,,,
,,,
,,,
,,,
,,,
,,,
,,,
,,,
,,,
,,,
,,,
,,,
,,,
,,,
,,,
,,,
,,,
,,,
,,,
,,,
,,,
,,,
,,,
,,,
,,,
,,,
,,,
,,,
,,,
,,,
,,,
,,,
,,,
,,,
,,,
,,,
,,,
,,,
,,,
,,,
,,,
,,,
,,,
,,,
,,,
,,,
,,,
,,,
,,,
,,,
,,,
,,,
,,,
,,,
,,,
,,,
,,,
,,,
,,,
,,,
,,,
,,,
,,,
,,,
,,,
,,,
,,,
,,,
,,,
,,,
,,,
,,,
,,,
,,,
,,,
,,,
,,,
,,,
,,,
,,,
,,,
,,,
,,,
,,,
,,,
,,,
,,,
,,,
,,,
,,,
,,,
,,,
,,,
,,,
,,,
,,,
,,,
,,,
,,,
,,,
,,,
,,,
,,,
,,,
,,,
,,,
,,,
,,,
,,,
,,,
,,,
,,,
,,,
,,,
,,,
,,,
,,,
,,,
,,,
,,,
,,,
,,,
,,,
,,,
,,,
,,,
,,,
,,,
,,,
,,,
,,,
,,,
,,,
,,,
,,,
,,,
,,,
,,,
,,,
,,,
,,,
,,,
,,,
,,,
,,,
,,,
,,,
,,,
,,,
,,,
,,,
,,,
,,,
,,,
,,,
,,,
,,,
,,,
,,,
,,,
,,,
,,,
,,,
,,,
,,,
,,,
,,,
,,,
,,,
,,,
,,,
,,,
,,,
,,,
,,,
,,,
,,,
,,,
,,,
,,,
,,,
,,,
,,,
,,,
,,,
,,,
,,,
,,,
,,,
,,,
,,,
,,,
,,,
,,,
,,,
,,,
,,,
,,,
,,,
,,,
,,,
,,,
,,,
,,,
,,,
,,,
,,,
,,,
,,,
,,,
,,,
,,,
,,,
,,,
,,,
,,,
,,,
,,,
,,,
,,,
,,,
,,,
,,,
,,,
,,,
,,,
,,,
,,,
,,,
,,,
,,,
,,,
,,,
,,,
,,,
,,,
,,,
,,,
,,,
,,,
,,,
,,,
,,,
,,,
,,,
,,,
,,,
,,,
,,,
,,,
,,,
,,,
,,,
,,,
,,,
,,,
,,,
,,,
,,,
,,,
,,,
,,,
,,,
,,,
,,,
,,,
,,,
,,,
,,,
,,,
,,,
,,,
,,,
,,,
,,,
,,,
,,,
,,,
,,,
,,,
,,,
,,,
,,,
,,,
,,,
,,,
,,,
,,,
,,,
,,,
,,,
,,,
,,,
,,,
,,,
,,,
,,,
,,,
,,,
,,,
,,,
,,,
,,,
,,,
,,,
,,,
,,,
,,,
,,,
,,,
,,,
,,,
,,,
,,,
,,,
,,,
,,,
,,,
,,,
,,,
,,,
,,,
,,,
,,,
,,,
,,,
,,,
,,,
,,,
,,,
,,,
,,,
,,,
,,,
,,,
,,,
,,,
,,,
,,,
,,,
,,,
,,,
,,,
,,,
,,,
,,,
,,,
,,,
,,,
,,,
,,,
,,,
,,,
,,,
,,,
,,,
,,,
,,,
,,,
,,,
,,,
,,,
,,,
,,,
,,,
,,,
,,,
,,,
,,,
,,,
,,,
,,,
,,,
,,,
,,,
,,,
,,,
,,,
,,,
,,,
,,,
,,,
,,,
,,,
,,,
,,,
,,,
,,,
,,,
,,,
,,,
,,,
,,,
,,,
,,,
,,,
,,,
,,,
,,,
,,,
,,,
,,,
,,,
,,,
,,,
,,,
,,,
,,,
,,,
,,,
,,,
,,,
,,,
,,,
,,,
,,,
,,,
,,,
,,,
,,,
,,,
,,,
,,,
,,,
,,,
,,,
,,,
,,,
,,,
,,,
,,,
,,,
,,,
,,,
,,,
,,,
,,,
,,,
,,,
,,,
,,,
,,,
,,,
,,,
,,,
,,,
,,,
,,,
,,,
,,,
,,,
,,,
,,,
,,,
,,,
,,,
,,,
,,,
,,,
,,,
,,,
,,,
,,,
,,,
,,,
,,,
,,,
,,,
,,,
,,,
,,,
,,,
,,,
,,,
,,,
,,,
,,,
,,,
,,,
,,,
,,,
,,,
,,,
,,,
,,,
,,,
,,,
,,,
,,,
,,,
,,,
,,,
,,,
,,,
,,,
,,,
,,,
,,,
,,,
,,,
,,,
,,,
,,,
,,,
,,,
,,,
,,,
,,,
,,,
,,,
,,,
,,,
,,,
,,,
,,,
,,,
,,,
,,,
,,,
,,,
,,,
,,,
,,,
,,,
,,,
,,,
,,,
,,,
,,,
,,,
,,,
,,,
,,,
,,,
,,,
,,,
,,,
,,,
,,,
,,,
,,,
,,,
,,,
,,,
,,,
,,,
,,,
,,,
,,,
,,,
,,,
,,,
,,,
,,,
,,,
,,,
,,,
,,,
,,,
,,,
,,,
,,,
,,,
,,,
,,,
,,,
,,,
,,,
,,,
,,,
,,,
,,,
,,,
,,,
,,,
,,,
,,,
,,,
,,,
,,,
,,,
,,,
,,,
,,,
,,,
,,,
,,,
,,,
,,,
,,,
,,,
,,,
,,,
,,,
,,,
,,,
,,,
,,,
,,,
,,,
,,,
,,,
,,,
,,,
,,,
,,,
,,,
,,,
,,,
,,,
,,,
,,,
,,,
,,,
,,,
,,,
,,,
,,,
,,,
,,,
,,,
,,,
,,,
,,,
,,,
,,,
,,,
,,,
,,,
,,,
,,,
,,,
,,,
,,,
,,,
,,,
,,,
,,,
,,,
,,,
,,,
,,,
,,,
,,,
,,,
,,,
,,,
,,,
,,,
,,,
,,,
,,,
,,,
,,,
,,,
,,,
,,,
,,,
,,,
,,,
,,,
,,,
,,,
,,,
,,,
,,,
,,,
,,,
,,,
,,,
,,,
,,,
,,,
,,,
,,,
,,,
,,,
,,,
,,,
,,,
,,,
,,,
,,,
,,,
,,,
,,,
,,,
,,,
,,,
,,,
,,,
,,,
,,,
,,,
,,,
,,,
,,,
,,,
,,,
,,,
,,,
,,,
,,,
,,,
,,,
,,,
,,,
,,,
,,,
,,,
,,,
,,,
,,,
,,,
,,,
,,,
,,,
,,,
,,,
,,,
,,,
,,,
,,,
,,,
,,,
,,,
,,,
,,,
,,,
,,,
,,,
,,,
,,,
,,,
,,,
,,,
,,,
,,,
,,,
,,,
,,,
,,,
,,,
,,,
,,,
,,,
,,,
,,,
,,,
,,,
,,,
,,,
,,,
,,,
,,,
,,,
,,,
,,,
,,,
,,,
,,,
,,,
,,,
,,,
,,,
,,,
,,,
,,,
,,,
,,,
,,,
,,,
,,,
,,,
,,,
,,,
,,,
,,,
,,,
,,,
,,,
,,,
,,,
,,,
,,,
,,,
,,,
,,,
,,,
,,,
,,,
,,,
,,,
,,,
,,,
,,,
,,,
,,,
,,,
,,,
,,,
,,,
,,,
,,,
,,,
,,,
,,,
,,,
,,,
,,,
,,,
,,,
,,,
,,,
,,,
,,,
,,,
,,,
,,,
,,,
,,,
,,,
,,,
,,,
,,,
,,,
,,,
,,,
,,,
,,,
,,,
,,,
,,,
,,,
,,,
,,,
,,,
,,,
,,,
,,,
,,,
,,,
,,,
,,,
,,,
,,,
,,,
,,,
,,,
,,,
,,,
,,,
,,,
,,,
,,,
,,,
,,,
,,,
,,,
,,,
,,,
,,,
,,,
,,,
,,,
,,,
,,,
,,,
,,,
,,,
,,,
,,,
,,,
,,,
,,,
,,,
,,,
,,,
,,,
,,,
,,,
,,,
,,,
,,,
,,,
,,,
,,,
,,,
,,,
,,,
,,,
,,,
,,,
,,,
,,,
,,,
,,,
,,,
,,,
,,,
,,,
,,,
,,,
,,,
,,,
,,,
,,,
,,,
,,,
,,,
,,,
,,,
,,,
,,,
,,,
,,,
,,,
,,,
,,,
,,,
,,,
,,,
,,,
,,,
,,,
,,,
,,,
,,,
,,,
,,,
,,,
,,,
,,,
,,,
,,,
,,,
,,,
,,,
,,,
,,,
,,,
,,,
,,,
,,,
,,,
,,,
,,,
,,,
,,,
,,,
,,,
,,,
,,,
,,,
,,,
,,,
,,,
,,,
,,,
,,,
,,,
,,,
,,,
,,,
,,,
,,,
,,,
,,,
,,,
,,,
,,,
,,,
,,,
,,,
,,,
,,,
,,,
,,,
,,,
,,,
,,,
,,,
,,,
,,,
,,,
,,,
,,,
,,,
,,,
,,,
,,,
,,,
,,,
,,,
,,,
,,,
,,,
,,,
,,,
,,,
,,,
,,,
,,,
,,,
,,,
,,,
,,,
,,,
,,,
,,,
,,,
,,,
,,,
,,,
,,,
,,,
,,,
,,,
,,,
,,,
,,,
,,,
,,,
,,,
,,,
,,,
,,,
,,,
,,,
,,,
,,,
,,,
,,,
,,,
,,,
,,,
,,,
,,,
,,,
,,,
,,,
,,,
,,,
,,,
,,,
,,,
,,,
,,,
,,,
,,,
,,,
,,,
,,,
,,,
,,,
,,,
,,,
,,,
,,,
,,,
,,,
,,,
,,,
,,,
,,,
,,,
,,,
,,,
,,,
,,,
,,,
,,,
,,,
,,,
,,,
,,,
,,,
,,,
,,,
,,,
,,,
,,,
,,,
,,,
,,,
,,,
,,,
,,,
,,,
,,,
,,,
,,,
,,,
,,,
,,,
,,,
,,,
,,,
,,,
,,,
,,,
,,,
,,,
,,,
,,,
,,,
,,,
,,,
,,,
,,,
,,,
,,,
,,,
,,,
,,,
,,,
,,,
,,,
,,,
,,,
,,,
,,,
,,,
,,,
,,,
,,,
,,,
,,,
,,,
,,,
,,,
,,,
,,,
,,,
,,,
,,,
,,,
,,,
,,,
,,,
,,,
,,,
,,,
,,,
,,,
,,,
,,,
,,,
,,,
,,,
,,,
,,,
,,,
,,,
,,,
,,,
,,,
,,,
,,,
,,,
,,,
,,,
,,,
,,,
,,,
,,,
,,,
,,,
,,,
,,,
,,,
,,,
,,,
,,,
,,,
,,,
,,,
,,,
,,,
,,,
,,,
,,,
,,,
,,,
,,,
,,,
,,,
,,,
,,,
,,,
,,,
,,,
,,,
,,,
,,,
,,,
,,,
,,,
,,,
,,,
,,,
,,,
,,,
,,,
,,,
,,,
,,,
,,,
,,,
,,,
,,,
,,,
,,,
,,,
,,,
,,,
,,,
,,,
,,,
,,,
,,,
,,,
,,,
,,,
,,,
,,,
,,,
,,,
,,,
,,,
,,,
,,,
,,,
,,,
,,,
,,,
,,,
,,,
,,,
,,,
,,,
,,,
,,,
,,,
,,,
,,,
,,,
,,,
,,,
,,,
,,,
,,,
,,,
,,,
,,,
,,,
,,,
,,,
,,,
,,,
,,,
,,,
,,,
,,,
,,,
,,,
,,,
,,,
,,,
,,,
,,,
,,,
,,,
,,,
,,,
,,,
,,,
,,,
,,,
,,,
,,,
,,,
,,,
,,,
,,,
,,,
,,,
,,,
,,,
,,,
,,,
,,,
,,,
,,,
,,,
,,,
,,,
,,,
,,,
,,,
,,,
,,,
,,,
,,,
,,,
,,,
,,,
,,,
,,,
,,,
,,,
,,,
,,,
,,,
,,,
,,,
,,,
,,,
,,,
,,,
,,,
,,,
,,,
,,,
,,,
,,,
,,,
,,,
,,,
,,,
,,,
,,,
,,,
,,,
,,,
,,,
,,,
,,,
,,,
,,,
,,,
,,,
,,,
,,,
,,,
,,,
,,,
,,,
,,,
,,,
,,,
,,,
,,,
,,,
,,,
,,,
,,,
,,,
,,,
,,,
,,,
,,,
,,,
,,,
,,,
,,,
,,,
,,,
,,,
,,,
,,,
,,,
,,,
,,,
,,,
,,,
,,,
,,,
,,,
,,,
,,,
,,,
,,,
,,,
,,,
,,,
,,,
,,,
,,,
,,,
,,,
,,,
,,,
,,,
,,,
,,,
,,,
,,,
,,,
,,,
,,,
,,,
,,,
,,,
,,,
,,,
,,,
,,,
,,,
,,,
,,,
,,,
,,,
,,,
,,,
,,,
,,,
,,,
,,,
,,,
,,,
,,,
,,,
,,,
,,,
,,,
,,,
,,,
,,,
,,,
,,,
,,,
,,,
,,,
,,,
,,,
,,,
,,,
,,,
,,,
,,,
,,,
,,,
,,,
,,,
,,,
,,,
,,,
,,,
,,,
,,,
,,,
,,,
,,,
,,,
,,,
,,,
,,,
,,,
,,,
,,,
,,,
,,,
,,,
,,,
,,,
,,,
,,,
,,,
,,,
,,,
,,,
,,,
,,,
,,,
,,,
,,,
,,,
,,,
,,,
,,,
,,,
,,,
,,,
,,,
,,,
,,,
,,,
,,,
,,,
,,,
,,,
,,,
,,,
,,,
,,,
,,,
,,,
,,,
,,,
,,,
,,,
,,,
,,,
,,,
,,,
,,,
,,,
,,,
,,,
,,,
,,,
,,,
,,,
,,,
,,,
,,,
,,,
,,,
,,,
,,,
,,,
,,,
,,,
,,,
,,,
,,,
,,,
,,,
,,,
,,,
,,,
,,,
,,,
,,,
,,,
,,,
,,,
,,,
,,,
,,,
,,,
,,,
,,,
,,,
,,,
,,,
,,,
,,,
,,,
,,,
,,,
,,,
,,,
,,,
,,,
,,,
,,,
,,,
,,,
,,,
,,,
,,,
,,,
,,,
,,,
,,,
,,,
,,,
,,,
,,,
,,,
,,,
,,,
,,,
,,,
,,,
,,,
,,,
,,,
,,,
,,,
,,,
,,,
,,,
,,,
,,,
,,,
,,,
,,,
,,,
,,,
,,,
,,,
,,,
,,,
,,,
,,,
,,,
,,,
,,,
,,,
,,,
,,,
,,,
,,,
,,,
,,,
,,,
,,,
,,,
,,,
,,,
,,,
,,,
,,,
,,,
,,,
,,,
,,,
,,,
,,,
,,,
,,,
,,,
,,,
,,,
,,,
,,,
,,,
,,,
,,,
,,,
,,,
,,,
,,,
,,,
,,,
,,,
,,,
,,,
,,,
,,,
,,,
,,,
,,,
,,,
,,,
,,,
,,,
,,,
,,,
,,,
,,,
,,,
,,,
,,,
,,,
,,,
,,,
,,,
,,,
,,,
,,,
,,,
,,,
,,,
,,,
,,,
,,,
,,,
,,,
,,,
,,,
,,,
,,,
,,,
,,,
,,,
,,,
,,,
,,,
,,,
,,,
,,,
,,,
,,,
,,,
,,,
,,,
,,,
,,,
,,,
,,,
,,,
,,,
,,,
,,,
,,,
,,,
,,,
,,,
,,,
,,,
,,,
,,,
,,,
,,,
,,,
,,,
,,,
,,,
,,,
,,,
,,,
,,,
,,,
,,,
,,,
,,,
,,,
,,,
,,,
,,,
,,,
,,,
,,,
,,,
,,,
,,,
,,,
,,,
,,,
,,,
,,,
,,,
,,,
,,,
,,,
,,,
,,,
,,,
,,,
,,,
,,,
,,,
,,,
,,,
,,,
,,,
,,,
,,,
,,,
,,,
,,,
,,,
,,,
,,,
,,,
,,,
,,,
,,,
,,,
,,,
,,,
,,,
,,,
,,,
,,,
,,,
,,,
,,,
,,,
,,,
,,,
,,,
,,,
,,,
,,,
,,,
,,,
,,,
,,,
,,,
,,,
,,,
,,,
,,,
,,,
,,,
,,,
,,,
,,,
,,,
,,,
,,,
,,,
,,,
,,,
,,,
,,,
,,,
,,,
,,,
,,,
,,,
,,,
,,,
,,,
,,,
,,,
,,,
,,,
,,,
,,,
,,,
,,,
,,,
,,,
,,,
,,,
,,,
,,,
,,,
,,,
,,,
,,,
,,,
,,,
,,,
,,,
,,,
,,,
,,,
,,,
,,,
,,,
,,,
,,,
,,,
,,,
,,,
,,,
,,,
,,,
,,,
,,,
,,,
,,,
,,,
,,,
,,,
,,,
,,,
,,,
,,,
,,,
,,,
,,,
,,,
,,,
,,,
,,,
,,,
,,,
,,,
,,,
,,,
,,,
,,,
,,,
,,,
,,,
,,,
,,,
,,,
,,,
,,,
,,,
,,,
,,,
,,,
,,,
,,,
